https://www.flashscore.com/match/tO9WItYq/#point-by-point;1
https://www.flashscore.com/match/MFKnrUwd/#point-by-point;1
https://www.flashscore.com/match/CAlUthZo/#point-by-point;1
https://www.flashscore.com/match/SrhJ12EF/#point-by-point;1
https://www.flashscore.com/match/8nVXMYhf/#point-by-point;1
https://www.flashscore.com/match/Mu6EeeqA/#point-by-point;1
https://www.flashscore.com/match/SpaZ1jES/#point-by-point;1
https://www.flashscore.com/match/I7Rcc4wg/#point-by-point;1
https://www.flashscore.com/match/ObqmyCGp/#point-by-point;1
https://www.flashscore.com/match/WMTHfyth/#point-by-point;1
https://www.flashscore.com/match/Oz9FMLym/#point-by-point;1
https://www.flashscore.com/match/hnqG1X3F/#point-by-point;1
https://www.flashscore.com/match/vD2D1PtC/#point-by-point;1
https://www.flashscore.com/match/YiTnvDzn/#point-by-point;1
https://www.flashscore.com/match/GfRogRlp/#point-by-point;1
https://www.flashscore.com/match/dWVCOPJs/#point-by-point;1
https://www.flashscore.com/match/nR9sfTzh/#point-by-point;1
https://www.flashscore.com/match/QLvswAng/#point-by-point;1
https://www.flashscore.com/match/fRFmX9SC/#point-by-point;1
https://www.flashscore.com/match/zNf8RFJA/#point-by-point;1
https://www.flashscore.com/match/tQMXilGL/#point-by-point;1
https://www.flashscore.com/match/dj0w7yPD/#point-by-point;1
https://www.flashscore.com/match/xzNuQgq2/#point-by-point;1
https://www.flashscore.com/match/YPCZPStA/#point-by-point;1
https://www.flashscore.com/match/MiQTDu92/#point-by-point;1
https://www.flashscore.com/match/jomturER/#point-by-point;1
https://www.flashscore.com/match/IoA9cm0T/#point-by-point;1
https://www.flashscore.com/match/t47J7zdh/#point-by-point;1
https://www.flashscore.com/match/CYdSzAU7/#point-by-point;1
https://www.flashscore.com/match/pUDCL3Ts/#point-by-point;1
https://www.flashscore.com/match/bBIeMo5S/#point-by-point;1
https://www.flashscore.com/match/IX4RgNod/#point-by-point;1
https://www.flashscore.com/match/bRWsPxIm/#point-by-point;1
https://www.flashscore.com/match/nqeva3hl/#point-by-point;1
https://www.flashscore.com/match/UsRuY5r8/#point-by-point;1
https://www.flashscore.com/match/vFNmUCOf/#point-by-point;1
https://www.flashscore.com/match/8IHhFps1/#point-by-point;1
https://www.flashscore.com/match/z9HbVOEl/#point-by-point;1
https://www.flashscore.com/match/6kBTJcPA/#point-by-point;1
https://www.flashscore.com/match/EsaQ5tI2/#point-by-point;1
https://www.flashscore.com/match/AZoGsB2b/#point-by-point;1
https://www.flashscore.com/match/UJ88IJ18/#point-by-point;1
https://www.flashscore.com/match/2wO51nco/#point-by-point;1
https://www.flashscore.com/match/Ugo1cAMq/#point-by-point;1
https://www.flashscore.com/match/WlbAGgfe/#point-by-point;1
https://www.flashscore.com/match/SjptHFzH/#point-by-point;1
https://www.flashscore.com/match/23o4D0wE/#point-by-point;1
https://www.flashscore.com/match/8pnpYrfa/#point-by-point;1
https://www.flashscore.com/match/MVrKmLfM/#point-by-point;1
https://www.flashscore.com/match/f5fHLFPH/#point-by-point;1
https://www.flashscore.com/match/SbSR46ME/#point-by-point;1
https://www.flashscore.com/match/Ak89t0Lk/#point-by-point;1
https://www.flashscore.com/match/KOc3wRAf/#point-by-point;1
https://www.flashscore.com/match/KYbnfyqb/#point-by-point;1
https://www.flashscore.com/match/zVp0Zwge/#point-by-point;1
https://www.flashscore.com/match/CWP4gVIi/#point-by-point;1
https://www.flashscore.com/match/phneNxRG/#point-by-point;1
https://www.flashscore.com/match/6ynjuo3E/#point-by-point;1
https://www.flashscore.com/match/xvLQ2x7T/#point-by-point;1
https://www.flashscore.com/match/KC17otM2/#point-by-point;1
https://www.flashscore.com/match/zFpCksQ9/#point-by-point;1
https://www.flashscore.com/match/jF8CSUY7/#point-by-point;1
https://www.flashscore.com/match/dpTGpLnt/#point-by-point;1
https://www.flashscore.com/match/21pdEC2b/#point-by-point;1
https://www.flashscore.com/match/ld12elid/#point-by-point;1
https://www.flashscore.com/match/MDwrUn0g/#point-by-point;1
https://www.flashscore.com/match/r7dn3iOD/#point-by-point;1
https://www.flashscore.com/match/M323WsoS/#point-by-point;1
https://www.flashscore.com/match/IXfXHIR1/#point-by-point;1
https://www.flashscore.com/match/CWXvWPqT/#point-by-point;1
https://www.flashscore.com/match/MD93Z63c/#point-by-point;1
https://www.flashscore.com/match/GdEoqe6a/#point-by-point;1
https://www.flashscore.com/match/MogGdkW8/#point-by-point;1
https://www.flashscore.com/match/M9uUcvBo/#point-by-point;1
https://www.flashscore.com/match/f3ZlQCso/#point-by-point;1
https://www.flashscore.com/match/YeHKqWxe/#point-by-point;1
https://www.flashscore.com/match/2mslIsYL/#point-by-point;1
https://www.flashscore.com/match/ryn8Nt0K/#point-by-point;1
https://www.flashscore.com/match/tI0X7uB8/#point-by-point;1
https://www.flashscore.com/match/6oFt1WU4/#point-by-point;1
https://www.flashscore.com/match/0xn5bTOA/#point-by-point;1
https://www.flashscore.com/match/MizVihzq/#point-by-point;1
https://www.flashscore.com/match/v10LLjXf/#point-by-point;1
https://www.flashscore.com/match/0ji5uqvk/#point-by-point;1
https://www.flashscore.com/match/vi9AvqQI/#point-by-point;1
https://www.flashscore.com/match/h2Hmyr4G/#point-by-point;1
https://www.flashscore.com/match/MaWe76TA/#point-by-point;1
https://www.flashscore.com/match/YwMyuPDM/#point-by-point;1
https://www.flashscore.com/match/C2ncBDdM/#point-by-point;1
https://www.flashscore.com/match/U7Gdfq11/#point-by-point;1
https://www.flashscore.com/match/S07gmYLq/#point-by-point;1
https://www.flashscore.com/match/CMAt7qDT/#point-by-point;1
https://www.flashscore.com/match/httQLiWu/#point-by-point;1
https://www.flashscore.com/match/2oKrHCeq/#point-by-point;1
https://www.flashscore.com/match/j3MnzqTA/#point-by-point;1
https://www.flashscore.com/match/EXFKRCdn/#point-by-point;1
https://www.flashscore.com/match/OCpBLwSI/#point-by-point;1
https://www.flashscore.com/match/KM4Ja3aj/#point-by-point;1
https://www.flashscore.com/match/CjURYrPp/#point-by-point;1
https://www.flashscore.com/match/SK9V4YuB/#point-by-point;1
https://www.flashscore.com/match/bgH0Ui5q/#point-by-point;1
https://www.flashscore.com/match/CMhjFXDr/#point-by-point;1
https://www.flashscore.com/match/CUWbW9qJ/#point-by-point;1
https://www.flashscore.com/match/CbdE7Fcl/#point-by-point;1
https://www.flashscore.com/match/Moev8GOR/#point-by-point;1
https://www.flashscore.com/match/n7gqSHUo/#point-by-point;1
https://www.flashscore.com/match/E19CgGic/#point-by-point;1
https://www.flashscore.com/match/802ZviNe/#point-by-point;1
https://www.flashscore.com/match/84n2IvFn/#point-by-point;1
https://www.flashscore.com/match/0hdboQAb/#point-by-point;1
https://www.flashscore.com/match/EeUanyW1/#point-by-point;1
https://www.flashscore.com/match/GvPFJNPm/#point-by-point;1
https://www.flashscore.com/match/fauGurYQ/#point-by-point;1
https://www.flashscore.com/match/MyYeIpba/#point-by-point;1
https://www.flashscore.com/match/MwofQtwr/#point-by-point;1
https://www.flashscore.com/match/j3UNQImG/#point-by-point;1
https://www.flashscore.com/match/EZEU68NI/#point-by-point;1
https://www.flashscore.com/match/UZ8m5Xeb/#point-by-point;1
https://www.flashscore.com/match/AD0sDvsh/#point-by-point;1
https://www.flashscore.com/match/zmz2kAGt/#point-by-point;1
https://www.flashscore.com/match/SElFryQq/#point-by-point;1
https://www.flashscore.com/match/hpIB7Uhs/#point-by-point;1
https://www.flashscore.com/match/6eUDLV8n/#point-by-point;1
https://www.flashscore.com/match/lACkuMRI/#point-by-point;1
https://www.flashscore.com/match/YF1dHne6/#point-by-point;1
https://www.flashscore.com/match/C4JXyAff/#point-by-point;1
https://www.flashscore.com/match/C4VGqmai/#point-by-point;1
https://www.flashscore.com/match/xjFe5Cmt/#point-by-point;1
https://www.flashscore.com/match/IgO9x4rI/#point-by-point;1
https://www.flashscore.com/match/MR8rbsfG/#point-by-point;1
https://www.flashscore.com/match/G2glJiq3/#point-by-point;1
https://www.flashscore.com/match/fDzpzqNi/#point-by-point;1
https://www.flashscore.com/match/6XqRJGUk/#point-by-point;1
https://www.flashscore.com/match/dQjakYvD/#point-by-point;1
https://www.flashscore.com/match/vwfjZVCj/#point-by-point;1
https://www.flashscore.com/match/f7Hny9Hn/#point-by-point;1
https://www.flashscore.com/match/fTxKCS7c/#point-by-point;1
https://www.flashscore.com/match/llDePUNj/#point-by-point;1
https://www.flashscore.com/match/l24WXHZu/#point-by-point;1
https://www.flashscore.com/match/vFyTuRnh/#point-by-point;1
https://www.flashscore.com/match/4xJzhoB1/#point-by-point;1
https://www.flashscore.com/match/zgVezKJS/#point-by-point;1
https://www.flashscore.com/match/QNkyiLGi/#point-by-point;1
https://www.flashscore.com/match/MRzBybIA/#point-by-point;1
https://www.flashscore.com/match/O2aJCIbk/#point-by-point;1
https://www.flashscore.com/match/pW45GPOE/#point-by-point;1
https://www.flashscore.com/match/QXI03KxO/#point-by-point;1
https://www.flashscore.com/match/Q12d3BQA/#point-by-point;1
https://www.flashscore.com/match/EFdj6KiP/#point-by-point;1
https://www.flashscore.com/match/dhkNFBT0/#point-by-point;1
https://www.flashscore.com/match/WjRgxUCo/#point-by-point;1
https://www.flashscore.com/match/IiFaZuwU/#point-by-point;1
https://www.flashscore.com/match/S4XGbhDs/#point-by-point;1
https://www.flashscore.com/match/v9YC1Eqq/#point-by-point;1
https://www.flashscore.com/match/fNNJhSQT/#point-by-point;1
https://www.flashscore.com/match/z5JIY0Fo/#point-by-point;1
https://www.flashscore.com/match/xOrNbgWo/#point-by-point;1
https://www.flashscore.com/match/p0tece4r/#point-by-point;1
https://www.flashscore.com/match/zsJWdF6F/#point-by-point;1
https://www.flashscore.com/match/Ob5k30f9/#point-by-point;1
https://www.flashscore.com/match/KtV8fJon/#point-by-point;1
https://www.flashscore.com/match/GjVlVNkH/#point-by-point;1
https://www.flashscore.com/match/4j2Xl6Yc/#point-by-point;1
https://www.flashscore.com/match/MPFVHR2g/#point-by-point;1
https://www.flashscore.com/match/OtHvJCIp/#point-by-point;1
https://www.flashscore.com/match/rsFt2BOI/#point-by-point;1
https://www.flashscore.com/match/6NMgVdTK/#point-by-point;1
https://www.flashscore.com/match/AFcxHWbb/#point-by-point;1
https://www.flashscore.com/match/jRCib7QE/#point-by-point;1
https://www.flashscore.com/match/noSmy31N/#point-by-point;1
https://www.flashscore.com/match/80pUK2zI/#point-by-point;1
https://www.flashscore.com/match/bD3vHH5O/#point-by-point;1
https://www.flashscore.com/match/0WGQG8bQ/#point-by-point;1
https://www.flashscore.com/match/KIrW7XaS/#point-by-point;1
https://www.flashscore.com/match/SAWUAPgj/#point-by-point;1
https://www.flashscore.com/match/ji8T0FiL/#point-by-point;1
https://www.flashscore.com/match/zqYZOZhA/#point-by-point;1
https://www.flashscore.com/match/8QayfOGR/#point-by-point;1
https://www.flashscore.com/match/KCelsS7o/#point-by-point;1
https://www.flashscore.com/match/bkgzLPYC/#point-by-point;1
https://www.flashscore.com/match/YsnLRiF2/#point-by-point;1
https://www.flashscore.com/match/4IAzQswe/#point-by-point;1
https://www.flashscore.com/match/Y52nxsM9/#point-by-point;1
https://www.flashscore.com/match/8bNF0dej/#point-by-point;1
https://www.flashscore.com/match/p0dSTadj/#point-by-point;1
https://www.flashscore.com/match/8UVDi7MI/#point-by-point;1
https://www.flashscore.com/match/r51gAKre/#point-by-point;1
https://www.flashscore.com/match/A3HS3x3L/#point-by-point;1
https://www.flashscore.com/match/xWlpAeTd/#point-by-point;1
https://www.flashscore.com/match/ER0KOL3f/#point-by-point;1
https://www.flashscore.com/match/UmA6lmlk/#point-by-point;1
https://www.flashscore.com/match/tUM906Ci/#point-by-point;1
https://www.flashscore.com/match/xh8hCS6s/#point-by-point;1
https://www.flashscore.com/match/YBHL10ab/#point-by-point;1
https://www.flashscore.com/match/jo7s5MPd/#point-by-point;1
https://www.flashscore.com/match/nDC2rrxf/#point-by-point;1
https://www.flashscore.com/match/l6j7HC8l/#point-by-point;1
https://www.flashscore.com/match/Eosye327/#point-by-point;1
https://www.flashscore.com/match/UcVkho4j/#point-by-point;1
https://www.flashscore.com/match/0zwtnyh6/#point-by-point;1
https://www.flashscore.com/match/fLdyXgga/#point-by-point;1
https://www.flashscore.com/match/ANDD1NI4/#point-by-point;1
https://www.flashscore.com/match/GbsvvM4P/#point-by-point;1
https://www.flashscore.com/match/lbzfa55a/#point-by-point;1
https://www.flashscore.com/match/jg1KVO2M/#point-by-point;1
https://www.flashscore.com/match/bZxjZ2jp/#point-by-point;1
https://www.flashscore.com/match/MuxLYY6j/#point-by-point;1
https://www.flashscore.com/match/AkziI22c/#point-by-point;1
https://www.flashscore.com/match/p6BxXM75/#point-by-point;1
https://www.flashscore.com/match/KrO6mwHH/#point-by-point;1
https://www.flashscore.com/match/WjsnAcXL/#point-by-point;1
https://www.flashscore.com/match/6cDdqhlN/#point-by-point;1
https://www.flashscore.com/match/fwhSFFIr/#point-by-point;1
https://www.flashscore.com/match/6DLY1XXH/#point-by-point;1
https://www.flashscore.com/match/EB0HObHB/#point-by-point;1
https://www.flashscore.com/match/4xwzZMVg/#point-by-point;1
https://www.flashscore.com/match/vL0MNTJ5/#point-by-point;1
https://www.flashscore.com/match/SG1aVsMC/#point-by-point;1
https://www.flashscore.com/match/vg6PVkXg/#point-by-point;1
https://www.flashscore.com/match/KQlLJJ3J/#point-by-point;1
https://www.flashscore.com/match/joT6UDO9/#point-by-point;1
https://www.flashscore.com/match/rLmWWU7A/#point-by-point;1
https://www.flashscore.com/match/Opx6s1B9/#point-by-point;1
https://www.flashscore.com/match/M3rEGjfG/#point-by-point;1
https://www.flashscore.com/match/xvTJcTil/#point-by-point;1
https://www.flashscore.com/match/EJvWoWMh/#point-by-point;1
https://www.flashscore.com/match/p8YsjaFc/#point-by-point;1
https://www.flashscore.com/match/QuVXQCfe/#point-by-point;1
https://www.flashscore.com/match/bgDtUPHl/#point-by-point;1
https://www.flashscore.com/match/4fGnLTHu/#point-by-point;1
https://www.flashscore.com/match/zDe0SmgS/#point-by-point;1
https://www.flashscore.com/match/xl2RlYNS/#point-by-point;1
https://www.flashscore.com/match/C28ocj2o/#point-by-point;1
https://www.flashscore.com/match/rLuFbFlQ/#point-by-point;1
https://www.flashscore.com/match/tUOdFrC4/#point-by-point;1
https://www.flashscore.com/match/Yu1FxvzI/#point-by-point;1
https://www.flashscore.com/match/Mun4aJnM/#point-by-point;1
https://www.flashscore.com/match/fNXx2PQ4/#point-by-point;1
https://www.flashscore.com/match/Im9QtZ2N/#point-by-point;1
https://www.flashscore.com/match/SS9b8Zw1/#point-by-point;1
https://www.flashscore.com/match/CjOvXKnD/#point-by-point;1
https://www.flashscore.com/match/zVhUCQpb/#point-by-point;1
https://www.flashscore.com/match/tzIlB1lg/#point-by-point;1
https://www.flashscore.com/match/pKWsJqm5/#point-by-point;1
https://www.flashscore.com/match/hY3DjwW0/#point-by-point;1
https://www.flashscore.com/match/A37TM71p/#point-by-point;1
https://www.flashscore.com/match/UVjx47Tg/#point-by-point;1
https://www.flashscore.com/match/Gth8MGvb/#point-by-point;1
https://www.flashscore.com/match/no2CYMjj/#point-by-point;1
https://www.flashscore.com/match/SKyDetCd/#point-by-point;1
https://www.flashscore.com/match/pjVBDi80/#point-by-point;1
https://www.flashscore.com/match/SKw1l7uM/#point-by-point;1
https://www.flashscore.com/match/OS8bZxwp/#point-by-point;1
https://www.flashscore.com/match/dhZB8yXA/#point-by-point;1
https://www.flashscore.com/match/hIHRDpMp/#point-by-point;1
https://www.flashscore.com/match/j1qRnGQH/#point-by-point;1
https://www.flashscore.com/match/Optzz1oi/#point-by-point;1
https://www.flashscore.com/match/IRubfuVK/#point-by-point;1
https://www.flashscore.com/match/fZcoAyXI/#point-by-point;1
https://www.flashscore.com/match/votLe1Tg/#point-by-point;1
https://www.flashscore.com/match/hdnqaPFE/#point-by-point;1
https://www.flashscore.com/match/2yBnI5qq/#point-by-point;1
https://www.flashscore.com/match/Eu62AM3t/#point-by-point;1
https://www.flashscore.com/match/j7SMoju5/#point-by-point;1
https://www.flashscore.com/match/rHHGchCk/#point-by-point;1
https://www.flashscore.com/match/GAgL6FrB/#point-by-point;1
https://www.flashscore.com/match/lrrge2ic/#point-by-point;1
https://www.flashscore.com/match/EyOAp8dg/#point-by-point;1
https://www.flashscore.com/match/EBdBmOWp/#point-by-point;1
https://www.flashscore.com/match/SzbCDbSd/#point-by-point;1
https://www.flashscore.com/match/2uRmZWM4/#point-by-point;1
https://www.flashscore.com/match/WG4NtVA4/#point-by-point;1
https://www.flashscore.com/match/fNHB8Il7/#point-by-point;1
https://www.flashscore.com/match/dvndzKwk/#point-by-point;1
https://www.flashscore.com/match/Kr8iz1iI/#point-by-point;1
https://www.flashscore.com/match/r1LDbP0G/#point-by-point;1
https://www.flashscore.com/match/QyBS6nG4/#point-by-point;1
https://www.flashscore.com/match/jBtvwcV4/#point-by-point;1
https://www.flashscore.com/match/nqBUoo1L/#point-by-point;1
https://www.flashscore.com/match/6XZ7nXFB/#point-by-point;1
https://www.flashscore.com/match/UeWTNEwl/#point-by-point;1
https://www.flashscore.com/match/EHw8AgMS/#point-by-point;1
https://www.flashscore.com/match/SUplTVOB/#point-by-point;1
https://www.flashscore.com/match/xjuRJ42F/#point-by-point;1
https://www.flashscore.com/match/tjlI6OzJ/#point-by-point;1
https://www.flashscore.com/match/QDIxXiGO/#point-by-point;1
https://www.flashscore.com/match/vNaH8HX6/#point-by-point;1
https://www.flashscore.com/match/h8nQW1jg/#point-by-point;1
https://www.flashscore.com/match/Wze7ixST/#point-by-point;1
https://www.flashscore.com/match/4QGRdQba/#point-by-point;1
https://www.flashscore.com/match/rNjs2bHR/#point-by-point;1
https://www.flashscore.com/match/UVb3UQKs/#point-by-point;1
https://www.flashscore.com/match/UgLjZ2rH/#point-by-point;1
https://www.flashscore.com/match/QaTNAT7i/#point-by-point;1
https://www.flashscore.com/match/lAxp7hPn/#point-by-point;1
https://www.flashscore.com/match/v5QE4M9K/#point-by-point;1
https://www.flashscore.com/match/h63PD6Vi/#point-by-point;1
https://www.flashscore.com/match/x4CeEAu2/#point-by-point;1
https://www.flashscore.com/match/h2Vw5ZG1/#point-by-point;1
https://www.flashscore.com/match/OA1fEPRC/#point-by-point;1
https://www.flashscore.com/match/A3HiUWJm/#point-by-point;1
https://www.flashscore.com/match/IuXjSQU5/#point-by-point;1
https://www.flashscore.com/match/jLsywAsh/#point-by-point;1
https://www.flashscore.com/match/6a4p4ZBi/#point-by-point;1
https://www.flashscore.com/match/fTcEtDKt/#point-by-point;1
https://www.flashscore.com/match/ATrJJVC7/#point-by-point;1
https://www.flashscore.com/match/OxzVXe6C/#point-by-point;1
https://www.flashscore.com/match/tbKkASIO/#point-by-point;1
https://www.flashscore.com/match/2ZXCxdnm/#point-by-point;1
https://www.flashscore.com/match/KM8EMtYJ/#point-by-point;1
https://www.flashscore.com/match/GEXSvvWc/#point-by-point;1
https://www.flashscore.com/match/Op8AasCe/#point-by-point;1
https://www.flashscore.com/match/p4xF2hu5/#point-by-point;1
https://www.flashscore.com/match/WjsUYK9J/#point-by-point;1
https://www.flashscore.com/match/tIQnkzjQ/#point-by-point;1
https://www.flashscore.com/match/UB4Q7d2A/#point-by-point;1
https://www.flashscore.com/match/EqdVoD31/#point-by-point;1
https://www.flashscore.com/match/Qk6tkBla/#point-by-point;1
https://www.flashscore.com/match/Um8ZOLJP/#point-by-point;1
https://www.flashscore.com/match/YVRZlueB/#point-by-point;1
https://www.flashscore.com/match/GOIbED75/#point-by-point;1
https://www.flashscore.com/match/xGvxYWp7/#point-by-point;1
https://www.flashscore.com/match/tloTZhGf/#point-by-point;1
https://www.flashscore.com/match/b5mJs29N/#point-by-point;1
https://www.flashscore.com/match/hnoENIs3/#point-by-point;1
https://www.flashscore.com/match/xWjISGwM/#point-by-point;1
https://www.flashscore.com/match/n1pkwrda/#point-by-point;1
https://www.flashscore.com/match/0jZHdGR7/#point-by-point;1
https://www.flashscore.com/match/Sf6qiOFU/#point-by-point;1
https://www.flashscore.com/match/KbERxSdS/#point-by-point;1
https://www.flashscore.com/match/bXqJaZGu/#point-by-point;1
https://www.flashscore.com/match/zJhv0d3o/#point-by-point;1
https://www.flashscore.com/match/tWDlbdW0/#point-by-point;1
https://www.flashscore.com/match/4xFAB2m8/#point-by-point;1
https://www.flashscore.com/match/CWmfVoEj/#point-by-point;1
https://www.flashscore.com/match/G2ec2430/#point-by-point;1
https://www.flashscore.com/match/biWBtFOr/#point-by-point;1
https://www.flashscore.com/match/Eok4TkJn/#point-by-point;1
https://www.flashscore.com/match/AJBPe3cf/#point-by-point;1
https://www.flashscore.com/match/KKeR3CqG/#point-by-point;1
https://www.flashscore.com/match/CnlFIKXO/#point-by-point;1
https://www.flashscore.com/match/6eAfoUh9/#point-by-point;1
https://www.flashscore.com/match/E1q5pOPG/#point-by-point;1
https://www.flashscore.com/match/r5TwAbSR/#point-by-point;1
https://www.flashscore.com/match/IwSAeN4O/#point-by-point;1
https://www.flashscore.com/match/Mepx3e1j/#point-by-point;1
https://www.flashscore.com/match/KxqxB1Ou/#point-by-point;1
https://www.flashscore.com/match/l6IOWpwr/#point-by-point;1
https://www.flashscore.com/match/06cdw0sN/#point-by-point;1
https://www.flashscore.com/match/WhGiz2JM/#point-by-point;1
https://www.flashscore.com/match/ELD14dp0/#point-by-point;1
https://www.flashscore.com/match/KMnd3E0M/#point-by-point;1
https://www.flashscore.com/match/AwSrxOlA/#point-by-point;1
https://www.flashscore.com/match/A1xjd108/#point-by-point;1
https://www.flashscore.com/match/WAPP7l8C/#point-by-point;1
https://www.flashscore.com/match/8vcnAuRk/#point-by-point;1
https://www.flashscore.com/match/Ofo3LGK8/#point-by-point;1
https://www.flashscore.com/match/xGWSqhHd/#point-by-point;1
https://www.flashscore.com/match/hrmDniZ9/#point-by-point;1
https://www.flashscore.com/match/Ai94shpE/#point-by-point;1
https://www.flashscore.com/match/CftAlUmE/#point-by-point;1
https://www.flashscore.com/match/QN9uGaqk/#point-by-point;1
https://www.flashscore.com/match/U7xdWwyc/#point-by-point;1
https://www.flashscore.com/match/tMI50Ndk/#point-by-point;1
https://www.flashscore.com/match/WYPNNEL8/#point-by-point;1
https://www.flashscore.com/match/WlriOIBA/#point-by-point;1
https://www.flashscore.com/match/jynDo4tO/#point-by-point;1
https://www.flashscore.com/match/rP77zyFG/#point-by-point;1
https://www.flashscore.com/match/vspL1a36/#point-by-point;1
https://www.flashscore.com/match/YegoZ22P/#point-by-point;1
https://www.flashscore.com/match/O6BNWacm/#point-by-point;1
https://www.flashscore.com/match/SrtCUbfQ/#point-by-point;1
https://www.flashscore.com/match/UcRUQjON/#point-by-point;1
https://www.flashscore.com/match/Ai9LxFFc/#point-by-point;1
https://www.flashscore.com/match/2yB9hs71/#point-by-point;1
https://www.flashscore.com/match/8SpP3UuI/#point-by-point;1
https://www.flashscore.com/match/lt3vST0n/#point-by-point;1
https://www.flashscore.com/match/W84FksJ9/#point-by-point;1
https://www.flashscore.com/match/z3CUpxvf/#point-by-point;1
https://www.flashscore.com/match/UNMIhMW7/#point-by-point;1
https://www.flashscore.com/match/QFZXyP32/#point-by-point;1
https://www.flashscore.com/match/tCDnEIL5/#point-by-point;1
https://www.flashscore.com/match/ngCY5XV2/#point-by-point;1
https://www.flashscore.com/match/WY5VjSQ5/#point-by-point;1
https://www.flashscore.com/match/feef8Je2/#point-by-point;1
https://www.flashscore.com/match/Umjow7L8/#point-by-point;1
https://www.flashscore.com/match/0SKeZLYS/#point-by-point;1
https://www.flashscore.com/match/YLn1pYPG/#point-by-point;1
https://www.flashscore.com/match/SQKYRHHp/#point-by-point;1
https://www.flashscore.com/match/dM2lAZGJ/#point-by-point;1
https://www.flashscore.com/match/6mMM57Ru/#point-by-point;1
https://www.flashscore.com/match/QeJ1J6D5/#point-by-point;1
https://www.flashscore.com/match/S0eKF8cc/#point-by-point;1
https://www.flashscore.com/match/nwpMpsqG/#point-by-point;1
https://www.flashscore.com/match/U7IRItZG/#point-by-point;1
https://www.flashscore.com/match/0MVkiFiL/#point-by-point;1
https://www.flashscore.com/match/rupGl1uG/#point-by-point;1
https://www.flashscore.com/match/6L97Ne62/#point-by-point;1
https://www.flashscore.com/match/dM8w9oRQ/#point-by-point;1
https://www.flashscore.com/match/MZOy4WYR/#point-by-point;1
https://www.flashscore.com/match/lhRVUhQT/#point-by-point;1
https://www.flashscore.com/match/jseAELjA/#point-by-point;1
https://www.flashscore.com/match/84AYh62L/#point-by-point;1
https://www.flashscore.com/match/UFlZAiQj/#point-by-point;1
https://www.flashscore.com/match/juGempgl/#point-by-point;1
https://www.flashscore.com/match/tQYMF3oQ/#point-by-point;1
https://www.flashscore.com/match/SUfuKa91/#point-by-point;1
https://www.flashscore.com/match/bT72dnmk/#point-by-point;1
https://www.flashscore.com/match/0bu7YPip/#point-by-point;1
https://www.flashscore.com/match/r1JXGUti/#point-by-point;1
https://www.flashscore.com/match/AP2IB3Bj/#point-by-point;1
https://www.flashscore.com/match/vT81i7Dt/#point-by-point;1
https://www.flashscore.com/match/U99eYgst/#point-by-point;1
https://www.flashscore.com/match/zXcT5Tbs/#point-by-point;1
https://www.flashscore.com/match/EqAYNcNp/#point-by-point;1
https://www.flashscore.com/match/SxB5UWWT/#point-by-point;1
https://www.flashscore.com/match/6DBeNfkj/#point-by-point;1
https://www.flashscore.com/match/baxE13LF/#point-by-point;1
https://www.flashscore.com/match/zm8sQ3v2/#point-by-point;1
https://www.flashscore.com/match/zT7077O2/#point-by-point;1
https://www.flashscore.com/match/b7d1A6yf/#point-by-point;1
https://www.flashscore.com/match/xpCGGcWK/#point-by-point;1
https://www.flashscore.com/match/6yhC0LCL/#point-by-point;1
https://www.flashscore.com/match/rNCCHwHE/#point-by-point;1
https://www.flashscore.com/match/M9FWwRTo/#point-by-point;1
https://www.flashscore.com/match/GxfwfZfd/#point-by-point;1
https://www.flashscore.com/match/8hCQnRoF/#point-by-point;1
https://www.flashscore.com/match/Wlvhj18s/#point-by-point;1
https://www.flashscore.com/match/E1w2ANb5/#point-by-point;1
https://www.flashscore.com/match/6eY1y8PE/#point-by-point;1
https://www.flashscore.com/match/t85Bvxmh/#point-by-point;1
https://www.flashscore.com/match/vFk1GUHp/#point-by-point;1
https://www.flashscore.com/match/EqMnzMel/#point-by-point;1
https://www.flashscore.com/match/YDf1Dco9/#point-by-point;1
https://www.flashscore.com/match/pf3z0loR/#point-by-point;1
https://www.flashscore.com/match/lAve2e57/#point-by-point;1
https://www.flashscore.com/match/xIVoOdXg/#point-by-point;1
https://www.flashscore.com/match/ABej14rg/#point-by-point;1
https://www.flashscore.com/match/GY79GBwQ/#point-by-point;1
https://www.flashscore.com/match/0dY4HwuR/#point-by-point;1
https://www.flashscore.com/match/fmN2lJTj/#point-by-point;1
https://www.flashscore.com/match/fHjMagsF/#point-by-point;1
https://www.flashscore.com/match/tj4wVG9k/#point-by-point;1
https://www.flashscore.com/match/vi1GYEqT/#point-by-point;1
https://www.flashscore.com/match/KOiqJNIF/#point-by-point;1
https://www.flashscore.com/match/KzvCoiVH/#point-by-point;1
https://www.flashscore.com/match/lGy2gvMe/#point-by-point;1
https://www.flashscore.com/match/OW4j6f67/#point-by-point;1
https://www.flashscore.com/match/E9b8aZ1a/#point-by-point;1
https://www.flashscore.com/match/M76wl3M0/#point-by-point;1
https://www.flashscore.com/match/QRBs3dp0/#point-by-point;1
https://www.flashscore.com/match/Cx3NE7Bh/#point-by-point;1
https://www.flashscore.com/match/jLsgdjmN/#point-by-point;1
https://www.flashscore.com/match/rRQPvFmO/#point-by-point;1
https://www.flashscore.com/match/rFdm1LWj/#point-by-point;1
https://www.flashscore.com/match/UoPTYDoC/#point-by-point;1
https://www.flashscore.com/match/UwazIcjI/#point-by-point;1
https://www.flashscore.com/match/nsKWw3lg/#point-by-point;1
https://www.flashscore.com/match/rR8FYZuA/#point-by-point;1
https://www.flashscore.com/match/ze2UT65U/#point-by-point;1
https://www.flashscore.com/match/z5cFliEe/#point-by-point;1
https://www.flashscore.com/match/xbikVdoE/#point-by-point;1
https://www.flashscore.com/match/UHDtsyfo/#point-by-point;1
https://www.flashscore.com/match/KzhpF2ze/#point-by-point;1
https://www.flashscore.com/match/xQoHIkeQ/#point-by-point;1
https://www.flashscore.com/match/Ot68KEGl/#point-by-point;1
https://www.flashscore.com/match/EPX9d2ir/#point-by-point;1
https://www.flashscore.com/match/rP9iyCib/#point-by-point;1
https://www.flashscore.com/match/2mgs8eCC/#point-by-point;1
https://www.flashscore.com/match/nL2ZfDKJ/#point-by-point;1
https://www.flashscore.com/match/b1LZArw9/#point-by-point;1
https://www.flashscore.com/match/EXw9yeWK/#point-by-point;1
https://www.flashscore.com/match/EqjgQ7an/#point-by-point;1
https://www.flashscore.com/match/Es59iJGf/#point-by-point;1
https://www.flashscore.com/match/S2np9ugh/#point-by-point;1
https://www.flashscore.com/match/n9r5SsCB/#point-by-point;1
https://www.flashscore.com/match/K2IOdm7f/#point-by-point;1
https://www.flashscore.com/match/QDnAn7a7/#point-by-point;1
https://www.flashscore.com/match/8IesJtsd/#point-by-point;1
https://www.flashscore.com/match/nV7cyfYO/#point-by-point;1
https://www.flashscore.com/match/8OARJJL5/#point-by-point;1
https://www.flashscore.com/match/MLgbt2og/#point-by-point;1
https://www.flashscore.com/match/GbVO4deq/#point-by-point;1
https://www.flashscore.com/match/xbPetSjU/#point-by-point;1
https://www.flashscore.com/match/Aa3Jl1YF/#point-by-point;1
https://www.flashscore.com/match/8fkEYIVt/#point-by-point;1
https://www.flashscore.com/match/p805ha1l/#point-by-point;1
https://www.flashscore.com/match/hbmNvoJS/#point-by-point;1
https://www.flashscore.com/match/Sf4x64el/#point-by-point;1
https://www.flashscore.com/match/z1HsCllC/#point-by-point;1
https://www.flashscore.com/match/nH2LeNpK/#point-by-point;1
https://www.flashscore.com/match/nLpXfdWH/#point-by-point;1
https://www.flashscore.com/match/rXufLO51/#point-by-point;1
https://www.flashscore.com/match/I7ej6Gl2/#point-by-point;1
https://www.flashscore.com/match/CYMh98nj/#point-by-point;1
https://www.flashscore.com/match/hxCgSYSl/#point-by-point;1
https://www.flashscore.com/match/QLEaXtDT/#point-by-point;1
https://www.flashscore.com/match/zPJLr6Ri/#point-by-point;1
https://www.flashscore.com/match/xOObeppe/#point-by-point;1
https://www.flashscore.com/match/vqcIrTkH/#point-by-point;1
https://www.flashscore.com/match/6Lsw92Ie/#point-by-point;1
https://www.flashscore.com/match/vP05Zxs3/#point-by-point;1
https://www.flashscore.com/match/bRrgIBb9/#point-by-point;1
https://www.flashscore.com/match/4IGyoRA0/#point-by-point;1
https://www.flashscore.com/match/2q7KVGCH/#point-by-point;1
https://www.flashscore.com/match/UkLpTESj/#point-by-point;1
https://www.flashscore.com/match/babNhmy0/#point-by-point;1
https://www.flashscore.com/match/j59ku2kR/#point-by-point;1
https://www.flashscore.com/match/0KhUc1q8/#point-by-point;1
https://www.flashscore.com/match/GhW8LF48/#point-by-point;1
https://www.flashscore.com/match/hGh5NrCr/#point-by-point;1
https://www.flashscore.com/match/jPyNZHy0/#point-by-point;1
https://www.flashscore.com/match/lfA45VSm/#point-by-point;1
https://www.flashscore.com/match/Kl5Zi5yM/#point-by-point;1
https://www.flashscore.com/match/QV33TGqm/#point-by-point;1
https://www.flashscore.com/match/0CEaeSZP/#point-by-point;1
https://www.flashscore.com/match/d43SP53R/#point-by-point;1
https://www.flashscore.com/match/U3IzdZLL/#point-by-point;1
https://www.flashscore.com/match/MuWa5WRR/#point-by-point;1
https://www.flashscore.com/match/S0so3GX3/#point-by-point;1
https://www.flashscore.com/match/jB03sYSc/#point-by-point;1
https://www.flashscore.com/match/O8nQ8OpI/#point-by-point;1
https://www.flashscore.com/match/h2wBZdwM/#point-by-point;1
https://www.flashscore.com/match/G8GAsrzH/#point-by-point;1
https://www.flashscore.com/match/bokiGbjb/#point-by-point;1
https://www.flashscore.com/match/Qodtu4Rn/#point-by-point;1
https://www.flashscore.com/match/IV51G13U/#point-by-point;1
https://www.flashscore.com/match/zD9q6Dth/#point-by-point;1
https://www.flashscore.com/match/0vBrscu2/#point-by-point;1
https://www.flashscore.com/match/htO0nwZo/#point-by-point;1
https://www.flashscore.com/match/zyU8r2ga/#point-by-point;1
https://www.flashscore.com/match/2uiSip3N/#point-by-point;1
https://www.flashscore.com/match/jwyTOvep/#point-by-point;1
https://www.flashscore.com/match/zwPfsJXk/#point-by-point;1
https://www.flashscore.com/match/KI2fPUC8/#point-by-point;1
https://www.flashscore.com/match/tzUhrFu7/#point-by-point;1
https://www.flashscore.com/match/SKmZiKeR/#point-by-point;1
https://www.flashscore.com/match/G80X6CYC/#point-by-point;1
https://www.flashscore.com/match/nqqyb2aC/#point-by-point;1
https://www.flashscore.com/match/xQqUXqeb/#point-by-point;1
https://www.flashscore.com/match/KCJ2OGXb/#point-by-point;1
https://www.flashscore.com/match/0xligfnc/#point-by-point;1
https://www.flashscore.com/match/QyTEn80a/#point-by-point;1
https://www.flashscore.com/match/nZNpZN8P/#point-by-point;1
https://www.flashscore.com/match/fykJ72jj/#point-by-point;1
https://www.flashscore.com/match/AgAoAJMc/#point-by-point;1
https://www.flashscore.com/match/8ClF9U2O/#point-by-point;1
https://www.flashscore.com/match/xdzU6J4D/#point-by-point;1
https://www.flashscore.com/match/8zDPVIY9/#point-by-point;1
https://www.flashscore.com/match/AVer5Rdp/#point-by-point;1
https://www.flashscore.com/match/MNCAHprI/#point-by-point;1
https://www.flashscore.com/match/Qa38syFO/#point-by-point;1
https://www.flashscore.com/match/MazEcdC1/#point-by-point;1
https://www.flashscore.com/match/r11RS0Lp/#point-by-point;1
https://www.flashscore.com/match/z95ub7Em/#point-by-point;1
https://www.flashscore.com/match/K2CR1Pfi/#point-by-point;1
https://www.flashscore.com/match/Spmpo8z5/#point-by-point;1
https://www.flashscore.com/match/CdR5nUgG/#point-by-point;1
https://www.flashscore.com/match/GpbEzxfd/#point-by-point;1
https://www.flashscore.com/match/UsButmsp/#point-by-point;1
https://www.flashscore.com/match/4lTD5vNA/#point-by-point;1
https://www.flashscore.com/match/WEJGUHfb/#point-by-point;1
https://www.flashscore.com/match/YuihLTzM/#point-by-point;1
https://www.flashscore.com/match/SdHCXxeS/#point-by-point;1
https://www.flashscore.com/match/YwGPoUtH/#point-by-point;1
https://www.flashscore.com/match/8jBWPWd4/#point-by-point;1
https://www.flashscore.com/match/2kAZNcdf/#point-by-point;1
https://www.flashscore.com/match/Cl12dtmC/#point-by-point;1
https://www.flashscore.com/match/2HEQXnTk/#point-by-point;1
https://www.flashscore.com/match/ruh1COYM/#point-by-point;1
https://www.flashscore.com/match/p0IXpiU4/#point-by-point;1
https://www.flashscore.com/match/C6lEi3lc/#point-by-point;1
https://www.flashscore.com/match/GYoJtZ6n/#point-by-point;1
https://www.flashscore.com/match/Uqz8Ym4n/#point-by-point;1
https://www.flashscore.com/match/xAXEBrvM/#point-by-point;1
https://www.flashscore.com/match/EXe8YEvP/#point-by-point;1
https://www.flashscore.com/match/xAsU2oPm/#point-by-point;1
https://www.flashscore.com/match/AkbMqYuj/#point-by-point;1
https://www.flashscore.com/match/jJCwCDfO/#point-by-point;1
https://www.flashscore.com/match/ddgTSPBl/#point-by-point;1
https://www.flashscore.com/match/lMpIK3TN/#point-by-point;1
https://www.flashscore.com/match/KE4bfPVO/#point-by-point;1
https://www.flashscore.com/match/fBDcm7h5/#point-by-point;1
https://www.flashscore.com/match/OjkTryzB/#point-by-point;1
https://www.flashscore.com/match/Uu4r3Nva/#point-by-point;1
https://www.flashscore.com/match/SzGcPaNf/#point-by-point;1
https://www.flashscore.com/match/M32iuyzN/#point-by-point;1
https://www.flashscore.com/match/lbOZmAEK/#point-by-point;1
https://www.flashscore.com/match/nFFAYhpQ/#point-by-point;1
https://www.flashscore.com/match/jDRNBuBk/#point-by-point;1
https://www.flashscore.com/match/pA3LSLog/#point-by-point;1
https://www.flashscore.com/match/MH3t5OAf/#point-by-point;1
https://www.flashscore.com/match/hxtufNHD/#point-by-point;1
https://www.flashscore.com/match/YuR0fB3o/#point-by-point;1
https://www.flashscore.com/match/KtwoCKCK/#point-by-point;1
https://www.flashscore.com/match/pEF55Izq/#point-by-point;1
https://www.flashscore.com/match/pl4I7PuA/#point-by-point;1
https://www.flashscore.com/match/EZMAABst/#point-by-point;1
https://www.flashscore.com/match/rkkY5f5E/#point-by-point;1
https://www.flashscore.com/match/6Jz8KzzF/#point-by-point;1
https://www.flashscore.com/match/je4fKEWI/#point-by-point;1
https://www.flashscore.com/match/CblyLql3/#point-by-point;1
https://www.flashscore.com/match/r3pQMIZB/#point-by-point;1
https://www.flashscore.com/match/MsoPrh0Q/#point-by-point;1
https://www.flashscore.com/match/AB9axcp4/#point-by-point;1
https://www.flashscore.com/match/nBRz66SP/#point-by-point;1
https://www.flashscore.com/match/fJPZwKXf/#point-by-point;1
https://www.flashscore.com/match/Gb9m2eEM/#point-by-point;1
https://www.flashscore.com/match/E1ZN6bU7/#point-by-point;1
https://www.flashscore.com/match/SIx32ewH/#point-by-point;1
https://www.flashscore.com/match/YkOjslg2/#point-by-point;1
https://www.flashscore.com/match/MR6y44LO/#point-by-point;1
https://www.flashscore.com/match/G4C5tmcg/#point-by-point;1
https://www.flashscore.com/match/SfG66FCr/#point-by-point;1
https://www.flashscore.com/match/bPPuOmIL/#point-by-point;1
https://www.flashscore.com/match/8MshQeab/#point-by-point;1
https://www.flashscore.com/match/UibaOoOu/#point-by-point;1
https://www.flashscore.com/match/xd6M4hU9/#point-by-point;1
https://www.flashscore.com/match/pQ5xkao4/#point-by-point;1
https://www.flashscore.com/match/8fDMIbsc/#point-by-point;1
https://www.flashscore.com/match/48P5zMwE/#point-by-point;1
https://www.flashscore.com/match/SlJVqaeq/#point-by-point;1
https://www.flashscore.com/match/pKnuA1Oe/#point-by-point;1
https://www.flashscore.com/match/xCYwAmUf/#point-by-point;1
https://www.flashscore.com/match/2VJ113sq/#point-by-point;1
https://www.flashscore.com/match/CxR2Yo1O/#point-by-point;1
https://www.flashscore.com/match/W6BUl9J1/#point-by-point;1
https://www.flashscore.com/match/xtnWCE1Q/#point-by-point;1
https://www.flashscore.com/match/CMnaXS7b/#point-by-point;1
https://www.flashscore.com/match/M9HAxJL9/#point-by-point;1
https://www.flashscore.com/match/vBHYi7H0/#point-by-point;1
https://www.flashscore.com/match/OdhZa0gQ/#point-by-point;1
https://www.flashscore.com/match/A3HNc6qg/#point-by-point;1
https://www.flashscore.com/match/UyIXZYpB/#point-by-point;1
https://www.flashscore.com/match/hYcU40X8/#point-by-point;1
https://www.flashscore.com/match/KGyqzD7b/#point-by-point;1
https://www.flashscore.com/match/IJVv6Yls/#point-by-point;1
https://www.flashscore.com/match/2BcHrKCe/#point-by-point;1
https://www.flashscore.com/match/YHM0hoPP/#point-by-point;1
https://www.flashscore.com/match/CG1dbQ6B/#point-by-point;1
https://www.flashscore.com/match/f7NIhGCE/#point-by-point;1
https://www.flashscore.com/match/IJq3MPIJ/#point-by-point;1
https://www.flashscore.com/match/hl2rHHh9/#point-by-point;1
https://www.flashscore.com/match/dUOpAnnn/#point-by-point;1
https://www.flashscore.com/match/KCZYUaR2/#point-by-point;1
https://www.flashscore.com/match/dj6lctdd/#point-by-point;1
https://www.flashscore.com/match/QDCHmjC4/#point-by-point;1
https://www.flashscore.com/match/Q7sDzFoR/#point-by-point;1
https://www.flashscore.com/match/reI2q454/#point-by-point;1
https://www.flashscore.com/match/x0tjDuR1/#point-by-point;1
https://www.flashscore.com/match/fXjCLzf4/#point-by-point;1
https://www.flashscore.com/match/4dBqN5ND/#point-by-point;1
https://www.flashscore.com/match/6yvzRL8k/#point-by-point;1
https://www.flashscore.com/match/M515Bv8Q/#point-by-point;1
https://www.flashscore.com/match/jcHSGL96/#point-by-point;1
https://www.flashscore.com/match/pE7ToXUA/#point-by-point;1
https://www.flashscore.com/match/GYDD8ZY8/#point-by-point;1
https://www.flashscore.com/match/8fTqxqnH/#point-by-point;1
https://www.flashscore.com/match/UwqQOVo1/#point-by-point;1
https://www.flashscore.com/match/jybkj9dJ/#point-by-point;1
https://www.flashscore.com/match/ncUU3odh/#point-by-point;1
https://www.flashscore.com/match/IuqmYty0/#point-by-point;1
https://www.flashscore.com/match/6V4pGfwo/#point-by-point;1
https://www.flashscore.com/match/UgirULrJ/#point-by-point;1
https://www.flashscore.com/match/Ea6K58Ng/#point-by-point;1
https://www.flashscore.com/match/ImHe2lHf/#point-by-point;1
https://www.flashscore.com/match/dS5a6B1E/#point-by-point;1
https://www.flashscore.com/match/YPC0RZcH/#point-by-point;1
https://www.flashscore.com/match/nyolX295/#point-by-point;1
https://www.flashscore.com/match/lMYgsxiI/#point-by-point;1
https://www.flashscore.com/match/b1TPJogH/#point-by-point;1
https://www.flashscore.com/match/0zoQsYJu/#point-by-point;1
https://www.flashscore.com/match/pxjPESC3/#point-by-point;1
https://www.flashscore.com/match/r93cA0jA/#point-by-point;1
https://www.flashscore.com/match/dIv2gapR/#point-by-point;1
https://www.flashscore.com/match/tfnGpUfd/#point-by-point;1
https://www.flashscore.com/match/WOQSKSUD/#point-by-point;1
https://www.flashscore.com/match/2FZmj6Ih/#point-by-point;1
https://www.flashscore.com/match/baGFTKSO/#point-by-point;1
https://www.flashscore.com/match/MqEAtt8E/#point-by-point;1
https://www.flashscore.com/match/MT54B9qA/#point-by-point;1
https://www.flashscore.com/match/4zfwCLZK/#point-by-point;1
https://www.flashscore.com/match/2eVoByy7/#point-by-point;1
https://www.flashscore.com/match/AyBf2cmG/#point-by-point;1
https://www.flashscore.com/match/KACA4O3M/#point-by-point;1
https://www.flashscore.com/match/Eg7Ll2Y3/#point-by-point;1
https://www.flashscore.com/match/v39CBzKs/#point-by-point;1
https://www.flashscore.com/match/KhJcTjo6/#point-by-point;1
https://www.flashscore.com/match/z7AimFmp/#point-by-point;1
https://www.flashscore.com/match/2eBoY1Gu/#point-by-point;1
https://www.flashscore.com/match/0nNb9EBD/#point-by-point;1
https://www.flashscore.com/match/hUws4JX7/#point-by-point;1
https://www.flashscore.com/match/jcRK9osB/#point-by-point;1
https://www.flashscore.com/match/zcR3lumS/#point-by-point;1
https://www.flashscore.com/match/QeokM4je/#point-by-point;1
https://www.flashscore.com/match/bkPiks1I/#point-by-point;1
https://www.flashscore.com/match/tKD654lG/#point-by-point;1
https://www.flashscore.com/match/nklcIT98/#point-by-point;1
https://www.flashscore.com/match/l2Y6HvKS/#point-by-point;1
https://www.flashscore.com/match/viROJQi6/#point-by-point;1
https://www.flashscore.com/match/Qshrs0qQ/#point-by-point;1
https://www.flashscore.com/match/6X3qWVg3/#point-by-point;1
https://www.flashscore.com/match/CntfReSi/#point-by-point;1
https://www.flashscore.com/match/v7FO6jQq/#point-by-point;1
https://www.flashscore.com/match/Ic0zPGDA/#point-by-point;1
https://www.flashscore.com/match/AR1sFy0J/#point-by-point;1
https://www.flashscore.com/match/6mSk5adJ/#point-by-point;1
https://www.flashscore.com/match/2ZBVqvAt/#point-by-point;1
https://www.flashscore.com/match/pfZ70SIu/#point-by-point;1
https://www.flashscore.com/match/YqJg9UYi/#point-by-point;1
https://www.flashscore.com/match/0SdCIWnm/#point-by-point;1
https://www.flashscore.com/match/0Wflmztb/#point-by-point;1
https://www.flashscore.com/match/4jSrSsEP/#point-by-point;1
https://www.flashscore.com/match/U3fKlmuB/#point-by-point;1
https://www.flashscore.com/match/dUhmByfr/#point-by-point;1
https://www.flashscore.com/match/4v4XWBaG/#point-by-point;1
https://www.flashscore.com/match/YBVAjr1A/#point-by-point;1
https://www.flashscore.com/match/z3OdSOcK/#point-by-point;1
https://www.flashscore.com/match/YZV0jVos/#point-by-point;1
https://www.flashscore.com/match/rBj3rK2j/#point-by-point;1
https://www.flashscore.com/match/46YyyqJ8/#point-by-point;1
https://www.flashscore.com/match/zsHGShst/#point-by-point;1
https://www.flashscore.com/match/ChiMFzxK/#point-by-point;1
https://www.flashscore.com/match/IigmKwx4/#point-by-point;1
https://www.flashscore.com/match/vgzzSwuQ/#point-by-point;1
https://www.flashscore.com/match/A9v6Sxvi/#point-by-point;1
https://www.flashscore.com/match/EJINvGB2/#point-by-point;1
https://www.flashscore.com/match/nPM6N4Ko/#point-by-point;1
https://www.flashscore.com/match/nN98mbwF/#point-by-point;1
https://www.flashscore.com/match/fmwKOznC/#point-by-point;1
https://www.flashscore.com/match/Ox8ta2Rq/#point-by-point;1
https://www.flashscore.com/match/nF7ZxbIP/#point-by-point;1
https://www.flashscore.com/match/nJZydMD4/#point-by-point;1
https://www.flashscore.com/match/Ec7iU9OF/#point-by-point;1
https://www.flashscore.com/match/6Njw5Zhk/#point-by-point;1
https://www.flashscore.com/match/vm5tlJ0A/#point-by-point;1
https://www.flashscore.com/match/CfGiEKu2/#point-by-point;1
https://www.flashscore.com/match/27XDdxuk/#point-by-point;1
https://www.flashscore.com/match/I5nmMlhl/#point-by-point;1
https://www.flashscore.com/match/84twq3Sj/#point-by-point;1
https://www.flashscore.com/match/Ywf5Dyyh/#point-by-point;1
https://www.flashscore.com/match/bceS65W6/#point-by-point;1
https://www.flashscore.com/match/zufIylfq/#point-by-point;1
https://www.flashscore.com/match/OSvx7no3/#point-by-point;1
https://www.flashscore.com/match/z9uXbrp6/#point-by-point;1
https://www.flashscore.com/match/ILEaawI5/#point-by-point;1
https://www.flashscore.com/match/4C7DuKzd/#point-by-point;1
https://www.flashscore.com/match/faeBLq8b/#point-by-point;1
https://www.flashscore.com/match/AHIipSPq/#point-by-point;1
https://www.flashscore.com/match/xbuiIfkA/#point-by-point;1
https://www.flashscore.com/match/bTLzHBa2/#point-by-point;1
https://www.flashscore.com/match/xAoYaBWC/#point-by-point;1
https://www.flashscore.com/match/f9h4mQBB/#point-by-point;1
https://www.flashscore.com/match/U3QpWh1m/#point-by-point;1
https://www.flashscore.com/match/rHR2obPk/#point-by-point;1
https://www.flashscore.com/match/Aa7q35Vh/#point-by-point;1
https://www.flashscore.com/match/8db7XHN7/#point-by-point;1
https://www.flashscore.com/match/p2w0tiu8/#point-by-point;1
https://www.flashscore.com/match/8O05kK1S/#point-by-point;1
https://www.flashscore.com/match/h69yIyfN/#point-by-point;1
https://www.flashscore.com/match/Of9lRAx0/#point-by-point;1
https://www.flashscore.com/match/Y50hSTw8/#point-by-point;1
https://www.flashscore.com/match/ANRIG1FO/#point-by-point;1
https://www.flashscore.com/match/hCCT58sp/#point-by-point;1
https://www.flashscore.com/match/hER9yz2J/#point-by-point;1
https://www.flashscore.com/match/2TCkA9Nn/#point-by-point;1
https://www.flashscore.com/match/t47vEHdr/#point-by-point;1
https://www.flashscore.com/match/jwPNywO0/#point-by-point;1
https://www.flashscore.com/match/lrbrUWan/#point-by-point;1
https://www.flashscore.com/match/x0v5kPd9/#point-by-point;1
https://www.flashscore.com/match/U5a3Yc81/#point-by-point;1
https://www.flashscore.com/match/OMPy2CFb/#point-by-point;1
https://www.flashscore.com/match/hMPPomkk/#point-by-point;1
https://www.flashscore.com/match/j1ZZgoiD/#point-by-point;1
https://www.flashscore.com/match/08KXEXXr/#point-by-point;1
https://www.flashscore.com/match/4dugYIah/#point-by-point;1
https://www.flashscore.com/match/YaVMt2qj/#point-by-point;1
https://www.flashscore.com/match/4jSxaFRT/#point-by-point;1
https://www.flashscore.com/match/pfNDAjOg/#point-by-point;1
https://www.flashscore.com/match/YktGe0CU/#point-by-point;1
https://www.flashscore.com/match/jcmIjN33/#point-by-point;1
https://www.flashscore.com/match/88WYD0a5/#point-by-point;1
https://www.flashscore.com/match/YHhtJ88P/#point-by-point;1
https://www.flashscore.com/match/KOydvVLi/#point-by-point;1
https://www.flashscore.com/match/MZpvnpm3/#point-by-point;1
https://www.flashscore.com/match/nFy66Cvf/#point-by-point;1
https://www.flashscore.com/match/SIIIIUTD/#point-by-point;1
https://www.flashscore.com/match/YRFYlGb7/#point-by-point;1
https://www.flashscore.com/match/0prGUA9d/#point-by-point;1
https://www.flashscore.com/match/nu3i1NFa/#point-by-point;1
https://www.flashscore.com/match/jsDswN63/#point-by-point;1
https://www.flashscore.com/match/thLOcscc/#point-by-point;1
https://www.flashscore.com/match/6Xe59Qj0/#point-by-point;1
https://www.flashscore.com/match/zDJzwoqh/#point-by-point;1
https://www.flashscore.com/match/WU73mRWF/#point-by-point;1
https://www.flashscore.com/match/pn5Z9RBK/#point-by-point;1
https://www.flashscore.com/match/69HMHlqK/#point-by-point;1
https://www.flashscore.com/match/Yk2WKGHa/#point-by-point;1
https://www.flashscore.com/match/8E5cU63f/#point-by-point;1
https://www.flashscore.com/match/nLt8l07P/#point-by-point;1
https://www.flashscore.com/match/ltoUPXnA/#point-by-point;1
https://www.flashscore.com/match/QJmXA7HF/#point-by-point;1
https://www.flashscore.com/match/OhWAKQ0j/#point-by-point;1
https://www.flashscore.com/match/WUNUckr2/#point-by-point;1
https://www.flashscore.com/match/jVt72Z3R/#point-by-point;1
https://www.flashscore.com/match/2PGlm9CU/#point-by-point;1
https://www.flashscore.com/match/ELXMxv3j/#point-by-point;1
https://www.flashscore.com/match/27BGdfkA/#point-by-point;1
https://www.flashscore.com/match/OCdAnFiC/#point-by-point;1
https://www.flashscore.com/match/fgx0V7DJ/#point-by-point;1
https://www.flashscore.com/match/Ohx4uBfE/#point-by-point;1
https://www.flashscore.com/match/6Ti3WKPD/#point-by-point;1
https://www.flashscore.com/match/fimeVtX2/#point-by-point;1
https://www.flashscore.com/match/UZ2KtOoJ/#point-by-point;1
https://www.flashscore.com/match/QJ50cpMH/#point-by-point;1
https://www.flashscore.com/match/IH2wvju6/#point-by-point;1
https://www.flashscore.com/match/zo1sZX4A/#point-by-point;1
https://www.flashscore.com/match/23yPynLN/#point-by-point;1
https://www.flashscore.com/match/M9g1OoUb/#point-by-point;1
https://www.flashscore.com/match/fLMaVgIs/#point-by-point;1
https://www.flashscore.com/match/fiwvMv7l/#point-by-point;1
https://www.flashscore.com/match/tfp8CKhK/#point-by-point;1
https://www.flashscore.com/match/v3P1ugTt/#point-by-point;1
https://www.flashscore.com/match/GtI7HNYF/#point-by-point;1
https://www.flashscore.com/match/Krr9cIPr/#point-by-point;1
https://www.flashscore.com/match/lla7jDqq/#point-by-point;1
https://www.flashscore.com/match/0QJiCd94/#point-by-point;1
https://www.flashscore.com/match/MaxWh9kk/#point-by-point;1
https://www.flashscore.com/match/69HdSN5S/#point-by-point;1
https://www.flashscore.com/match/zuhmzDuR/#point-by-point;1
https://www.flashscore.com/match/ENntZOvg/#point-by-point;1
https://www.flashscore.com/match/WUsg8Zc9/#point-by-point;1
https://www.flashscore.com/match/6c5qubIu/#point-by-point;1
https://www.flashscore.com/match/Cdg6Vqk2/#point-by-point;1
https://www.flashscore.com/match/ppC5QPnL/#point-by-point;1
https://www.flashscore.com/match/r34dCnyp/#point-by-point;1
https://www.flashscore.com/match/OvmvzNIl/#point-by-point;1
https://www.flashscore.com/match/AHA9T3Ne/#point-by-point;1
https://www.flashscore.com/match/dhq4al6U/#point-by-point;1
https://www.flashscore.com/match/4lebUsVi/#point-by-point;1
https://www.flashscore.com/match/tQAvA2hF/#point-by-point;1
https://www.flashscore.com/match/pStY8RW7/#point-by-point;1
https://www.flashscore.com/match/084Gxn5e/#point-by-point;1
https://www.flashscore.com/match/lhsF4rkd/#point-by-point;1
https://www.flashscore.com/match/hpSpgHiL/#point-by-point;1
https://www.flashscore.com/match/YyBZRre8/#point-by-point;1
https://www.flashscore.com/match/G25UpldN/#point-by-point;1
https://www.flashscore.com/match/WSpwJrpD/#point-by-point;1
https://www.flashscore.com/match/GdO6cKy8/#point-by-point;1
https://www.flashscore.com/match/A7H2F7i4/#point-by-point;1
https://www.flashscore.com/match/WQpk2RON/#point-by-point;1
https://www.flashscore.com/match/dh9hcq8m/#point-by-point;1
https://www.flashscore.com/match/IJJowNdl/#point-by-point;1
https://www.flashscore.com/match/zZWPOfOs/#point-by-point;1
https://www.flashscore.com/match/OUJZCfJJ/#point-by-point;1
https://www.flashscore.com/match/xCMUlJhr/#point-by-point;1
https://www.flashscore.com/match/rN0Kuy2Q/#point-by-point;1
https://www.flashscore.com/match/I7kqQtpg/#point-by-point;1
https://www.flashscore.com/match/YPpXFW7T/#point-by-point;1
https://www.flashscore.com/match/UuSpfdAA/#point-by-point;1
https://www.flashscore.com/match/tbhruDvM/#point-by-point;1
https://www.flashscore.com/match/0UFUS5fq/#point-by-point;1
https://www.flashscore.com/match/jmQBWufc/#point-by-point;1
https://www.flashscore.com/match/ldk7YMvr/#point-by-point;1
https://www.flashscore.com/match/Mmz5D5A1/#point-by-point;1
https://www.flashscore.com/match/G0WIA2gS/#point-by-point;1
https://www.flashscore.com/match/YR17xoQ0/#point-by-point;1
https://www.flashscore.com/match/hGhJh7c5/#point-by-point;1
https://www.flashscore.com/match/8QgcNWk4/#point-by-point;1
https://www.flashscore.com/match/0Khb5bXd/#point-by-point;1
https://www.flashscore.com/match/jufjj4k0/#point-by-point;1
https://www.flashscore.com/match/h6RmEDc4/#point-by-point;1
https://www.flashscore.com/match/pG6zxOUJ/#point-by-point;1
https://www.flashscore.com/match/raKU5RIO/#point-by-point;1
https://www.flashscore.com/match/KEObJq43/#point-by-point;1
https://www.flashscore.com/match/lvrIwlo3/#point-by-point;1
https://www.flashscore.com/match/tEUZWFLI/#point-by-point;1
https://www.flashscore.com/match/QmTY25Bb/#point-by-point;1
https://www.flashscore.com/match/SSyEeM6l/#point-by-point;1
https://www.flashscore.com/match/4Ihu1V0o/#point-by-point;1
https://www.flashscore.com/match/bZKdaaKU/#point-by-point;1
https://www.flashscore.com/match/0vZjis39/#point-by-point;1
https://www.flashscore.com/match/fF7QczkO/#point-by-point;1
https://www.flashscore.com/match/jm0WIwyC/#point-by-point;1
https://www.flashscore.com/match/W4W1o0CD/#point-by-point;1
https://www.flashscore.com/match/8nJwqOXG/#point-by-point;1
https://www.flashscore.com/match/MokIK4yG/#point-by-point;1
https://www.flashscore.com/match/CWwFlc1G/#point-by-point;1
https://www.flashscore.com/match/Y3e2EQfP/#point-by-point;1
https://www.flashscore.com/match/CzWle14G/#point-by-point;1
https://www.flashscore.com/match/Q3LVCWvc/#point-by-point;1
https://www.flashscore.com/match/nTOgoQzh/#point-by-point;1
https://www.flashscore.com/match/lOaqkW4d/#point-by-point;1
https://www.flashscore.com/match/KSqttsF1/#point-by-point;1
https://www.flashscore.com/match/4QnIs4zS/#point-by-point;1
https://www.flashscore.com/match/4fWZYqp4/#point-by-point;1
https://www.flashscore.com/match/0vJirZM6/#point-by-point;1
https://www.flashscore.com/match/nwOjV1qT/#point-by-point;1
https://www.flashscore.com/match/MqzQbT5e/#point-by-point;1
https://www.flashscore.com/match/bq2BRfEa/#point-by-point;1
https://www.flashscore.com/match/ULc0XulA/#point-by-point;1
https://www.flashscore.com/match/lKPGt8Tt/#point-by-point;1
https://www.flashscore.com/match/A5M3sEep/#point-by-point;1
https://www.flashscore.com/match/YqiACqMB/#point-by-point;1
https://www.flashscore.com/match/h86gxEaT/#point-by-point;1
https://www.flashscore.com/match/0bu1o4AA/#point-by-point;1
https://www.flashscore.com/match/pxEp0jpB/#point-by-point;1
https://www.flashscore.com/match/zJGvWHDe/#point-by-point;1
https://www.flashscore.com/match/vRuk46B1/#point-by-point;1
https://www.flashscore.com/match/tCo0tctF/#point-by-point;1
https://www.flashscore.com/match/Gfe5rCEk/#point-by-point;1
https://www.flashscore.com/match/xn7Sx13d/#point-by-point;1
https://www.flashscore.com/match/0WnBs5Ga/#point-by-point;1
https://www.flashscore.com/match/6BWqIpSo/#point-by-point;1
https://www.flashscore.com/match/EVtELMte/#point-by-point;1
https://www.flashscore.com/match/YFVXd2bb/#point-by-point;1
https://www.flashscore.com/match/IVR7ypk0/#point-by-point;1
https://www.flashscore.com/match/zoPqF0N6/#point-by-point;1
https://www.flashscore.com/match/rVO6oBE9/#point-by-point;1
https://www.flashscore.com/match/CIAeYMcN/#point-by-point;1
https://www.flashscore.com/match/dl7NKa6a/#point-by-point;1
https://www.flashscore.com/match/px2bnhyj/#point-by-point;1
https://www.flashscore.com/match/lSFF1loO/#point-by-point;1
https://www.flashscore.com/match/GEeDMeAB/#point-by-point;1
https://www.flashscore.com/match/n7wWogwA/#point-by-point;1
https://www.flashscore.com/match/ngj3jhWF/#point-by-point;1
https://www.flashscore.com/match/EwaeY3GF/#point-by-point;1
https://www.flashscore.com/match/nRR4DMtH/#point-by-point;1
https://www.flashscore.com/match/pbkhyiIE/#point-by-point;1
https://www.flashscore.com/match/AeHUBvdg/#point-by-point;1
https://www.flashscore.com/match/vqTrOQ7Q/#point-by-point;1
https://www.flashscore.com/match/Y716XFLc/#point-by-point;1
https://www.flashscore.com/match/dY4DTGYu/#point-by-point;1
https://www.flashscore.com/match/zNbAz1Ob/#point-by-point;1
https://www.flashscore.com/match/QqgcnAw3/#point-by-point;1
https://www.flashscore.com/match/AoMNVwSq/#point-by-point;1
https://www.flashscore.com/match/pU96uPAC/#point-by-point;1
https://www.flashscore.com/match/6R67MNSL/#point-by-point;1
https://www.flashscore.com/match/YknaiYG9/#point-by-point;1
https://www.flashscore.com/match/tpo5BXH5/#point-by-point;1
https://www.flashscore.com/match/vcMC3Pj3/#point-by-point;1
https://www.flashscore.com/match/p00K6bqj/#point-by-point;1
https://www.flashscore.com/match/vkY8epBU/#point-by-point;1
https://www.flashscore.com/match/p4AaME4d/#point-by-point;1
https://www.flashscore.com/match/Q5zIOdp0/#point-by-point;1
https://www.flashscore.com/match/K0vD7DJB/#point-by-point;1
https://www.flashscore.com/match/GOrI1v0t/#point-by-point;1
https://www.flashscore.com/match/bNO8zzkc/#point-by-point;1
https://www.flashscore.com/match/GYa9b1J0/#point-by-point;1
https://www.flashscore.com/match/QgAsmYMj/#point-by-point;1
https://www.flashscore.com/match/fgf11OI6/#point-by-point;1
https://www.flashscore.com/match/bFAjb3rB/#point-by-point;1
https://www.flashscore.com/match/KfY8k6l4/#point-by-point;1
https://www.flashscore.com/match/Ug7dX4O8/#point-by-point;1
https://www.flashscore.com/match/WhUs4gW7/#point-by-point;1
https://www.flashscore.com/match/lKw0bifH/#point-by-point;1
https://www.flashscore.com/match/290KGMQD/#point-by-point;1
https://www.flashscore.com/match/OEmX6bGs/#point-by-point;1
https://www.flashscore.com/match/SKaL5QZ3/#point-by-point;1
https://www.flashscore.com/match/QoE3bcXB/#point-by-point;1
https://www.flashscore.com/match/hdTCD9gI/#point-by-point;1
https://www.flashscore.com/match/tOPfKPlc/#point-by-point;1
https://www.flashscore.com/match/UP1QWLCD/#point-by-point;1
https://www.flashscore.com/match/2mJzMXXq/#point-by-point;1
https://www.flashscore.com/match/2oKqluVE/#point-by-point;1
https://www.flashscore.com/match/4f07zLj8/#point-by-point;1
https://www.flashscore.com/match/t0ouhSmt/#point-by-point;1
https://www.flashscore.com/match/bqpBJ0II/#point-by-point;1
https://www.flashscore.com/match/r1RYLIa7/#point-by-point;1
https://www.flashscore.com/match/l07gqSmC/#point-by-point;1
https://www.flashscore.com/match/AZgsy5xD/#point-by-point;1
https://www.flashscore.com/match/bRAtvrtN/#point-by-point;1
https://www.flashscore.com/match/4xq6kirs/#point-by-point;1
https://www.flashscore.com/match/A9hZ3KnF/#point-by-point;1
https://www.flashscore.com/match/dnzfybND/#point-by-point;1
https://www.flashscore.com/match/W80nkqvU/#point-by-point;1
https://www.flashscore.com/match/IiiUGt1q/#point-by-point;1
https://www.flashscore.com/match/fBHkfdvq/#point-by-point;1
https://www.flashscore.com/match/YRupW3zB/#point-by-point;1
https://www.flashscore.com/match/Gh0APWoS/#point-by-point;1
https://www.flashscore.com/match/bVG58fmj/#point-by-point;1
https://www.flashscore.com/match/Qmi0q7Vs/#point-by-point;1
https://www.flashscore.com/match/pzu2Xkpa/#point-by-point;1
https://www.flashscore.com/match/AV7rdDzq/#point-by-point;1
https://www.flashscore.com/match/EurjfUno/#point-by-point;1
https://www.flashscore.com/match/fuq3J3te/#point-by-point;1
https://www.flashscore.com/match/WEHGLjD8/#point-by-point;1
https://www.flashscore.com/match/KMpfKtzA/#point-by-point;1
https://www.flashscore.com/match/d8TlvnZr/#point-by-point;1
https://www.flashscore.com/match/2Z1bwk1S/#point-by-point;1
https://www.flashscore.com/match/buQ0c6tI/#point-by-point;1
https://www.flashscore.com/match/G8tCtOIK/#point-by-point;1
https://www.flashscore.com/match/z5mq7oED/#point-by-point;1
https://www.flashscore.com/match/MiCMPtiM/#point-by-point;1
https://www.flashscore.com/match/2Bc3FdGm/#point-by-point;1
https://www.flashscore.com/match/YPGRz0m9/#point-by-point;1
https://www.flashscore.com/match/txeUhhnC/#point-by-point;1
https://www.flashscore.com/match/UwgKFfGU/#point-by-point;1
https://www.flashscore.com/match/YH8tMDtA/#point-by-point;1
https://www.flashscore.com/match/lYKdCiSG/#point-by-point;1
https://www.flashscore.com/match/hfsrklLS/#point-by-point;1
https://www.flashscore.com/match/YyHSAaQe/#point-by-point;1
https://www.flashscore.com/match/AP4ilSWf/#point-by-point;1
https://www.flashscore.com/match/8Gp8HX9I/#point-by-point;1
https://www.flashscore.com/match/pvLFWLQ2/#point-by-point;1
https://www.flashscore.com/match/ltPuRYbH/#point-by-point;1
https://www.flashscore.com/match/C07liF06/#point-by-point;1
https://www.flashscore.com/match/8O2NJVit/#point-by-point;1
https://www.flashscore.com/match/4b6T2OVB/#point-by-point;1
https://www.flashscore.com/match/GGxmQnlF/#point-by-point;1
https://www.flashscore.com/match/d85EUuNg/#point-by-point;1
https://www.flashscore.com/match/rX5LtM0L/#point-by-point;1
https://www.flashscore.com/match/l8HvO3fR/#point-by-point;1
https://www.flashscore.com/match/8dAoCdWR/#point-by-point;1
https://www.flashscore.com/match/E53Ezrh3/#point-by-point;1
https://www.flashscore.com/match/WWz3nU45/#point-by-point;1
https://www.flashscore.com/match/l8uiSuZD/#point-by-point;1
https://www.flashscore.com/match/jwTlUtwc/#point-by-point;1
https://www.flashscore.com/match/h4h91cC0/#point-by-point;1
https://www.flashscore.com/match/riC1NSCc/#point-by-point;1
https://www.flashscore.com/match/zFbmHYGO/#point-by-point;1
https://www.flashscore.com/match/z5Bb0rYC/#point-by-point;1
https://www.flashscore.com/match/n7gHxsO7/#point-by-point;1
https://www.flashscore.com/match/Uo36bdTJ/#point-by-point;1
https://www.flashscore.com/match/8EwyYqs5/#point-by-point;1
https://www.flashscore.com/match/lAdGGlri/#point-by-point;1
https://www.flashscore.com/match/l47vrwQe/#point-by-point;1
https://www.flashscore.com/match/0hO1Bake/#point-by-point;1
https://www.flashscore.com/match/v3XR9mNc/#point-by-point;1
https://www.flashscore.com/match/n1Yww7Kk/#point-by-point;1
https://www.flashscore.com/match/0p0RRoAa/#point-by-point;1
https://www.flashscore.com/match/4tJKCroT/#point-by-point;1
https://www.flashscore.com/match/Qc2bbUJu/#point-by-point;1
https://www.flashscore.com/match/YgdyRiId/#point-by-point;1
https://www.flashscore.com/match/SbAKa8HH/#point-by-point;1
https://www.flashscore.com/match/OI1bcbhD/#point-by-point;1
https://www.flashscore.com/match/hOEYZNFb/#point-by-point;1
https://www.flashscore.com/match/KYb8R6mJ/#point-by-point;1
https://www.flashscore.com/match/QR5yPjCA/#point-by-point;1
https://www.flashscore.com/match/K0ZdguZS/#point-by-point;1
https://www.flashscore.com/match/YHnEp3no/#point-by-point;1
https://www.flashscore.com/match/UyvNyn0o/#point-by-point;1
https://www.flashscore.com/match/pUL1ypJ1/#point-by-point;1
https://www.flashscore.com/match/lWcfvVoM/#point-by-point;1
https://www.flashscore.com/match/fZwZuClh/#point-by-point;1
https://www.flashscore.com/match/Eswej1IF/#point-by-point;1
https://www.flashscore.com/match/Gxd5DnWn/#point-by-point;1
https://www.flashscore.com/match/KbEc5xVg/#point-by-point;1
https://www.flashscore.com/match/no8rpIPN/#point-by-point;1
https://www.flashscore.com/match/Eo3Ola1o/#point-by-point;1
https://www.flashscore.com/match/YmuAjLu7/#point-by-point;1
https://www.flashscore.com/match/0fexdg1H/#point-by-point;1
https://www.flashscore.com/match/SlZcbPK5/#point-by-point;1
https://www.flashscore.com/match/SlNSWUwG/#point-by-point;1
https://www.flashscore.com/match/hAkYZUGg/#point-by-point;1
https://www.flashscore.com/match/42fGNlVG/#point-by-point;1
https://www.flashscore.com/match/pzL6eOnk/#point-by-point;1
https://www.flashscore.com/match/CpPw7VGS/#point-by-point;1
https://www.flashscore.com/match/butGK6Xt/#point-by-point;1
https://www.flashscore.com/match/0QchEubL/#point-by-point;1
https://www.flashscore.com/match/WfZJLkkc/#point-by-point;1
https://www.flashscore.com/match/nPn6UZ5o/#point-by-point;1
https://www.flashscore.com/match/rXuQqkJS/#point-by-point;1
https://www.flashscore.com/match/UTJxIxsE/#point-by-point;1
https://www.flashscore.com/match/8xhk4QYm/#point-by-point;1
https://www.flashscore.com/match/ng60doeR/#point-by-point;1
https://www.flashscore.com/match/OKK5z4Y7/#point-by-point;1
https://www.flashscore.com/match/QottBMO2/#point-by-point;1
https://www.flashscore.com/match/4KXmHXQl/#point-by-point;1
https://www.flashscore.com/match/zVjmiDCC/#point-by-point;1
https://www.flashscore.com/match/2DGxyWsj/#point-by-point;1
https://www.flashscore.com/match/lUIRZ7QS/#point-by-point;1
https://www.flashscore.com/match/SIUhYE1a/#point-by-point;1
https://www.flashscore.com/match/WYRE4qOJ/#point-by-point;1
https://www.flashscore.com/match/Yai8npRH/#point-by-point;1
https://www.flashscore.com/match/6wFkqNQ6/#point-by-point;1
https://www.flashscore.com/match/x42rGyLU/#point-by-point;1
https://www.flashscore.com/match/YTEbK9Ql/#point-by-point;1
https://www.flashscore.com/match/2y7NUusp/#point-by-point;1
https://www.flashscore.com/match/dtaFJ0ii/#point-by-point;1
https://www.flashscore.com/match/URpHpOeU/#point-by-point;1
https://www.flashscore.com/match/zJzZHac9/#point-by-point;1
https://www.flashscore.com/match/nXf96g21/#point-by-point;1
https://www.flashscore.com/match/bi013Yio/#point-by-point;1
https://www.flashscore.com/match/OOA13bVK/#point-by-point;1
https://www.flashscore.com/match/lhsIDCsp/#point-by-point;1
https://www.flashscore.com/match/Aqm4tR5i/#point-by-point;1
https://www.flashscore.com/match/tp9yUOuj/#point-by-point;1
https://www.flashscore.com/match/QHrZ6e4G/#point-by-point;1
https://www.flashscore.com/match/lIKLW2QR/#point-by-point;1
https://www.flashscore.com/match/0Wn5XsqG/#point-by-point;1
https://www.flashscore.com/match/jexUBgv0/#point-by-point;1
https://www.flashscore.com/match/KODBMFL8/#point-by-point;1
https://www.flashscore.com/match/fLkt4Ooq/#point-by-point;1
https://www.flashscore.com/match/Mi0VRKzi/#point-by-point;1
https://www.flashscore.com/match/tf8x2Kq2/#point-by-point;1
https://www.flashscore.com/match/fcE8lB1H/#point-by-point;1
https://www.flashscore.com/match/IiotTa0h/#point-by-point;1
https://www.flashscore.com/match/WtUAsMDb/#point-by-point;1
https://www.flashscore.com/match/f71D7n5i/#point-by-point;1
https://www.flashscore.com/match/YDvMWKOa/#point-by-point;1
https://www.flashscore.com/match/h2Tdo6ik/#point-by-point;1
https://www.flashscore.com/match/Ew3n0sg7/#point-by-point;1
https://www.flashscore.com/match/QiTtlHgo/#point-by-point;1
https://www.flashscore.com/match/UJYgfQ1o/#point-by-point;1
https://www.flashscore.com/match/0AcaRWVi/#point-by-point;1
https://www.flashscore.com/match/vsj9v3ge/#point-by-point;1
https://www.flashscore.com/match/S66NQAtl/#point-by-point;1
https://www.flashscore.com/match/fX4q3l03/#point-by-point;1
https://www.flashscore.com/match/jeKdTFuA/#point-by-point;1
https://www.flashscore.com/match/xSEfEDk4/#point-by-point;1
https://www.flashscore.com/match/UHH28x81/#point-by-point;1
https://www.flashscore.com/match/xjDI9tIK/#point-by-point;1
https://www.flashscore.com/match/I3XiIn5q/#point-by-point;1
https://www.flashscore.com/match/2qw4B3Fn/#point-by-point;1
https://www.flashscore.com/match/MFzbmXqc/#point-by-point;1
https://www.flashscore.com/match/hU5OAMM4/#point-by-point;1
https://www.flashscore.com/match/4GeLcttJ/#point-by-point;1
https://www.flashscore.com/match/6J4HT1Wn/#point-by-point;1
https://www.flashscore.com/match/4f0i4DM0/#point-by-point;1
https://www.flashscore.com/match/AaiYK3Mj/#point-by-point;1
https://www.flashscore.com/match/plGfdoRL/#point-by-point;1
https://www.flashscore.com/match/nwSHsIJu/#point-by-point;1
https://www.flashscore.com/match/C8qkXUNr/#point-by-point;1
https://www.flashscore.com/match/2P6zKzX5/#point-by-point;1
https://www.flashscore.com/match/2HhSnR9N/#point-by-point;1
https://www.flashscore.com/match/MV4xmeoG/#point-by-point;1
https://www.flashscore.com/match/Ox2I3f41/#point-by-point;1
https://www.flashscore.com/match/0fsHdsEm/#point-by-point;1
https://www.flashscore.com/match/lCDcVa0b/#point-by-point;1
https://www.flashscore.com/match/Q5OtFq5t/#point-by-point;1
https://www.flashscore.com/match/xMF9ngl9/#point-by-point;1
https://www.flashscore.com/match/WA5UqXqe/#point-by-point;1
https://www.flashscore.com/match/OjHAcNSc/#point-by-point;1
https://www.flashscore.com/match/xlKoZHvt/#point-by-point;1
https://www.flashscore.com/match/UeKVACsp/#point-by-point;1
https://www.flashscore.com/match/GGI5AWIJ/#point-by-point;1
https://www.flashscore.com/match/4vpVbESr/#point-by-point;1
https://www.flashscore.com/match/W0lvlpSa/#point-by-point;1
https://www.flashscore.com/match/YTIF4YQG/#point-by-point;1
https://www.flashscore.com/match/UV8wdG8n/#point-by-point;1
https://www.flashscore.com/match/MJUqMFvj/#point-by-point;1
https://www.flashscore.com/match/4M2NmLmM/#point-by-point;1
https://www.flashscore.com/match/ddkBfh5L/#point-by-point;1
https://www.flashscore.com/match/8YgvUW6n/#point-by-point;1
https://www.flashscore.com/match/z95IvckI/#point-by-point;1
https://www.flashscore.com/match/l09cPVll/#point-by-point;1
https://www.flashscore.com/match/thuBNNko/#point-by-point;1
https://www.flashscore.com/match/W0lxZlWa/#point-by-point;1
https://www.flashscore.com/match/ji6ruwO9/#point-by-point;1
https://www.flashscore.com/match/Cp926pZ9/#point-by-point;1
https://www.flashscore.com/match/Qgjcjwbb/#point-by-point;1
https://www.flashscore.com/match/ETTCREI4/#point-by-point;1
https://www.flashscore.com/match/hAw8DArB/#point-by-point;1
https://www.flashscore.com/match/G8z0KFZA/#point-by-point;1
https://www.flashscore.com/match/jDLbifA0/#point-by-point;1
https://www.flashscore.com/match/0G2PXiLg/#point-by-point;1
https://www.flashscore.com/match/p0dfNkgK/#point-by-point;1
https://www.flashscore.com/match/bX519iOg/#point-by-point;1
https://www.flashscore.com/match/MTm8L3JL/#point-by-point;1
https://www.flashscore.com/match/86RlFsio/#point-by-point;1
https://www.flashscore.com/match/C22GW4mG/#point-by-point;1
https://www.flashscore.com/match/vVmogk0N/#point-by-point;1
https://www.flashscore.com/match/viVsqAOk/#point-by-point;1
https://www.flashscore.com/match/U5suI2s7/#point-by-point;1
https://www.flashscore.com/match/nZ9pJub5/#point-by-point;1
https://www.flashscore.com/match/ETNbtwmd/#point-by-point;1
https://www.flashscore.com/match/rihMdOxa/#point-by-point;1
https://www.flashscore.com/match/Sz0ESuAD/#point-by-point;1
https://www.flashscore.com/match/fgWTUXX0/#point-by-point;1
https://www.flashscore.com/match/CGVZ7RiA/#point-by-point;1
https://www.flashscore.com/match/CjC7CixI/#point-by-point;1
https://www.flashscore.com/match/OpWdAvSf/#point-by-point;1
https://www.flashscore.com/match/jNtZKxbn/#point-by-point;1
https://www.flashscore.com/match/Ead3i3ec/#point-by-point;1
https://www.flashscore.com/match/MqSfxDud/#point-by-point;1
https://www.flashscore.com/match/QThhsJbb/#point-by-point;1
https://www.flashscore.com/match/Qq5tkdO8/#point-by-point;1
https://www.flashscore.com/match/bDubTzGQ/#point-by-point;1
https://www.flashscore.com/match/GGrYKd4O/#point-by-point;1
https://www.flashscore.com/match/8vIW0Prs/#point-by-point;1
https://www.flashscore.com/match/2gCpZ7vD/#point-by-point;1
https://www.flashscore.com/match/lEU6Jgu6/#point-by-point;1
https://www.flashscore.com/match/ADlJc7tT/#point-by-point;1
https://www.flashscore.com/match/zRv8ESGt/#point-by-point;1
https://www.flashscore.com/match/vXA9VL7m/#point-by-point;1
https://www.flashscore.com/match/Kle9Te1k/#point-by-point;1
https://www.flashscore.com/match/n3ZQuMbd/#point-by-point;1
https://www.flashscore.com/match/0EeiUnRO/#point-by-point;1
https://www.flashscore.com/match/lIbae17e/#point-by-point;1
https://www.flashscore.com/match/2NgLgp1e/#point-by-point;1
https://www.flashscore.com/match/6PNZ0pLn/#point-by-point;1
https://www.flashscore.com/match/xjiIe2aS/#point-by-point;1
https://www.flashscore.com/match/0GObc5cC/#point-by-point;1
https://www.flashscore.com/match/GzBKFHoR/#point-by-point;1
https://www.flashscore.com/match/4xa8YQI3/#point-by-point;1
https://www.flashscore.com/match/tj4DNvWc/#point-by-point;1
https://www.flashscore.com/match/r3zG0On3/#point-by-point;1
https://www.flashscore.com/match/KrvYojIs/#point-by-point;1
https://www.flashscore.com/match/KIA0jaRH/#point-by-point;1
https://www.flashscore.com/match/Y7gvD8bn/#point-by-point;1
https://www.flashscore.com/match/EBCyrRIh/#point-by-point;1
https://www.flashscore.com/match/2gCm5KSb/#point-by-point;1
https://www.flashscore.com/match/IcKjKmXo/#point-by-point;1
https://www.flashscore.com/match/OEVkxUmH/#point-by-point;1
https://www.flashscore.com/match/WfelOqVe/#point-by-point;1
https://www.flashscore.com/match/4pqKNg3Q/#point-by-point;1
https://www.flashscore.com/match/nXbN5g53/#point-by-point;1
https://www.flashscore.com/match/t8HsERzk/#point-by-point;1
https://www.flashscore.com/match/Sd1EMuxL/#point-by-point;1
https://www.flashscore.com/match/GQT764Kq/#point-by-point;1
https://www.flashscore.com/match/ngfgmjOd/#point-by-point;1
https://www.flashscore.com/match/vNZhVTob/#point-by-point;1
https://www.flashscore.com/match/YgMscyOg/#point-by-point;1
https://www.flashscore.com/match/4bn1aVee/#point-by-point;1
https://www.flashscore.com/match/IuNTN4ph/#point-by-point;1
https://www.flashscore.com/match/O4tfeLFE/#point-by-point;1
https://www.flashscore.com/match/j3bqJigd/#point-by-point;1
https://www.flashscore.com/match/zurAM2Rl/#point-by-point;1
https://www.flashscore.com/match/GlWCDEUh/#point-by-point;1
https://www.flashscore.com/match/pdSjQTyH/#point-by-point;1
https://www.flashscore.com/match/bPVVeyzp/#point-by-point;1
https://www.flashscore.com/match/0Wr4GHfd/#point-by-point;1
https://www.flashscore.com/match/v7izNp9G/#point-by-point;1
https://www.flashscore.com/match/bBvDo1g1/#point-by-point;1
https://www.flashscore.com/match/UiEbppjb/#point-by-point;1
https://www.flashscore.com/match/EFdiy0Or/#point-by-point;1
https://www.flashscore.com/match/OYeHt3YL/#point-by-point;1
https://www.flashscore.com/match/Aia37gg7/#point-by-point;1
https://www.flashscore.com/match/WtlXySjI/#point-by-point;1
https://www.flashscore.com/match/dvQ5ghkl/#point-by-point;1
https://www.flashscore.com/match/jajCOUFA/#point-by-point;1
https://www.flashscore.com/match/EmAvW1X0/#point-by-point;1
https://www.flashscore.com/match/E34cTK8U/#point-by-point;1
https://www.flashscore.com/match/rLagAF2h/#point-by-point;1
https://www.flashscore.com/match/YL6Sc99d/#point-by-point;1
https://www.flashscore.com/match/pnFeJdiJ/#point-by-point;1
https://www.flashscore.com/match/E7h6ZAyg/#point-by-point;1
https://www.flashscore.com/match/8CCMtZWD/#point-by-point;1
https://www.flashscore.com/match/nXzN64pr/#point-by-point;1
https://www.flashscore.com/match/d6ODHbOh/#point-by-point;1
https://www.flashscore.com/match/fNcE6jbo/#point-by-point;1
https://www.flashscore.com/match/MZIi1ZAK/#point-by-point;1
https://www.flashscore.com/match/r3zltHIq/#point-by-point;1
https://www.flashscore.com/match/U7IEH88P/#point-by-point;1
https://www.flashscore.com/match/URWAl6Ga/#point-by-point;1
https://www.flashscore.com/match/Y7kXLPYd/#point-by-point;1
https://www.flashscore.com/match/bRzB5sbs/#point-by-point;1
https://www.flashscore.com/match/baSVGz4p/#point-by-point;1
https://www.flashscore.com/match/2st5UMMp/#point-by-point;1
https://www.flashscore.com/match/Sp9eiypq/#point-by-point;1
https://www.flashscore.com/match/nLYuECan/#point-by-point;1
https://www.flashscore.com/match/Sxi2Q6ME/#point-by-point;1
https://www.flashscore.com/match/2wQhGOdb/#point-by-point;1
https://www.flashscore.com/match/vukbdQrc/#point-by-point;1
https://www.flashscore.com/match/OOhU45U8/#point-by-point;1
https://www.flashscore.com/match/QiLZPpBD/#point-by-point;1
https://www.flashscore.com/match/4Yt0nDai/#point-by-point;1
https://www.flashscore.com/match/SrhGlmbC/#point-by-point;1
https://www.flashscore.com/match/8fLWgpHd/#point-by-point;1
https://www.flashscore.com/match/CMndTtBE/#point-by-point;1
https://www.flashscore.com/match/vmozpWZ2/#point-by-point;1
https://www.flashscore.com/match/xOpGK3N4/#point-by-point;1
https://www.flashscore.com/match/2Z1F3rJS/#point-by-point;1
https://www.flashscore.com/match/fait6pYJ/#point-by-point;1
https://www.flashscore.com/match/ppAEgpX7/#point-by-point;1
https://www.flashscore.com/match/xzm9irQe/#point-by-point;1
https://www.flashscore.com/match/0xWBzDvi/#point-by-point;1
https://www.flashscore.com/match/h8Ggoxma/#point-by-point;1
https://www.flashscore.com/match/C0LuqaS4/#point-by-point;1
https://www.flashscore.com/match/0n5SOHnF/#point-by-point;1
https://www.flashscore.com/match/xdO040sr/#point-by-point;1
https://www.flashscore.com/match/UiEhy86q/#point-by-point;1
https://www.flashscore.com/match/dlyfItJP/#point-by-point;1
https://www.flashscore.com/match/bLZ9Ees6/#point-by-point;1
https://www.flashscore.com/match/vHdn7dZe/#point-by-point;1
https://www.flashscore.com/match/vyXs0NSJ/#point-by-point;1
https://www.flashscore.com/match/vP6q6vZj/#point-by-point;1
https://www.flashscore.com/match/tCNmvYXs/#point-by-point;1
https://www.flashscore.com/match/KYWNYjQF/#point-by-point;1
https://www.flashscore.com/match/YwEEh7s4/#point-by-point;1
https://www.flashscore.com/match/UcaVqqem/#point-by-point;1
https://www.flashscore.com/match/zJQdH36O/#point-by-point;1
https://www.flashscore.com/match/d6SakLXL/#point-by-point;1
https://www.flashscore.com/match/jNntPjWo/#point-by-point;1
https://www.flashscore.com/match/MwH5RnMu/#point-by-point;1
https://www.flashscore.com/match/YDWt1qtB/#point-by-point;1
https://www.flashscore.com/match/2gbHApG5/#point-by-point;1
https://www.flashscore.com/match/zyItHoWk/#point-by-point;1
https://www.flashscore.com/match/fRsNabJ2/#point-by-point;1
https://www.flashscore.com/match/lG30DB07/#point-by-point;1
https://www.flashscore.com/match/AuXOt7Xo/#point-by-point;1
https://www.flashscore.com/match/f9E96XwG/#point-by-point;1
https://www.flashscore.com/match/fZaIlxy8/#point-by-point;1
https://www.flashscore.com/match/88vClW0S/#point-by-point;1
https://www.flashscore.com/match/dn2KP7fa/#point-by-point;1
https://www.flashscore.com/match/Iymy6IVm/#point-by-point;1
https://www.flashscore.com/match/hr5Smcy9/#point-by-point;1
https://www.flashscore.com/match/YPxwuW3b/#point-by-point;1
https://www.flashscore.com/match/EoDFLZzF/#point-by-point;1
https://www.flashscore.com/match/xneZfFuj/#point-by-point;1
https://www.flashscore.com/match/tvthH1mS/#point-by-point;1
https://www.flashscore.com/match/2R7JLuig/#point-by-point;1
https://www.flashscore.com/match/ATleRl8B/#point-by-point;1
https://www.flashscore.com/match/ED3QM2e9/#point-by-point;1
https://www.flashscore.com/match/bmfBeS3b/#point-by-point;1
https://www.flashscore.com/match/6HBF02Jq/#point-by-point;1
https://www.flashscore.com/match/ERG3ajsq/#point-by-point;1
https://www.flashscore.com/match/I5Caz76d/#point-by-point;1
https://www.flashscore.com/match/Qqk7KuOt/#point-by-point;1
https://www.flashscore.com/match/WvZcz8IT/#point-by-point;1
https://www.flashscore.com/match/YXfeCwD3/#point-by-point;1
https://www.flashscore.com/match/n1MVQQe7/#point-by-point;1
https://www.flashscore.com/match/zi6we9Lo/#point-by-point;1
https://www.flashscore.com/match/nRoPzZ0l/#point-by-point;1
https://www.flashscore.com/match/6RhhEZXn/#point-by-point;1
https://www.flashscore.com/match/xIealtID/#point-by-point;1
https://www.flashscore.com/match/hO8Q4EVu/#point-by-point;1
https://www.flashscore.com/match/lWRzOE9n/#point-by-point;1
https://www.flashscore.com/match/zPqc9vlN/#point-by-point;1
https://www.flashscore.com/match/n3klWpAr/#point-by-point;1
https://www.flashscore.com/match/2assvjJ4/#point-by-point;1
https://www.flashscore.com/match/ns0uP1h1/#point-by-point;1
https://www.flashscore.com/match/EJf17NwM/#point-by-point;1
https://www.flashscore.com/match/xGIgJYW8/#point-by-point;1
https://www.flashscore.com/match/6aEAN1Mt/#point-by-point;1
https://www.flashscore.com/match/04M05KXA/#point-by-point;1
https://www.flashscore.com/match/zkwM1rVG/#point-by-point;1
https://www.flashscore.com/match/EJvbYJvH/#point-by-point;1
https://www.flashscore.com/match/CfhHFnDt/#point-by-point;1
https://www.flashscore.com/match/jgy4ZTlt/#point-by-point;1
https://www.flashscore.com/match/U7C37RK2/#point-by-point;1
https://www.flashscore.com/match/U7YucMEI/#point-by-point;1
https://www.flashscore.com/match/tzChjZFC/#point-by-point;1
https://www.flashscore.com/match/nLOjxe7e/#point-by-point;1
https://www.flashscore.com/match/IsvThtN0/#point-by-point;1
https://www.flashscore.com/match/QwzgfLJM/#point-by-point;1
https://www.flashscore.com/match/6H11gunr/#point-by-point;1
https://www.flashscore.com/match/M1wkg4jn/#point-by-point;1
https://www.flashscore.com/match/SxXRSUX0/#point-by-point;1
https://www.flashscore.com/match/pMywzbdj/#point-by-point;1
https://www.flashscore.com/match/SfdQy2gl/#point-by-point;1
https://www.flashscore.com/match/AmkolOep/#point-by-point;1
https://www.flashscore.com/match/d8RgD47j/#point-by-point;1
https://www.flashscore.com/match/KtBXPJVB/#point-by-point;1
https://www.flashscore.com/match/4GN73Ldt/#point-by-point;1
https://www.flashscore.com/match/A3TSnLrc/#point-by-point;1
https://www.flashscore.com/match/K20D1aw1/#point-by-point;1
https://www.flashscore.com/match/CpaoiksD/#point-by-point;1
https://www.flashscore.com/match/nBNlnfKK/#point-by-point;1
https://www.flashscore.com/match/nFFzhA25/#point-by-point;1
https://www.flashscore.com/match/lEAMYSDq/#point-by-point;1
https://www.flashscore.com/match/48Xi8PLH/#point-by-point;1
https://www.flashscore.com/match/vN9FDiIc/#point-by-point;1
https://www.flashscore.com/match/v1nTVOZG/#point-by-point;1
https://www.flashscore.com/match/0MyYcDNu/#point-by-point;1
https://www.flashscore.com/match/zFQzV88S/#point-by-point;1
https://www.flashscore.com/match/dznOOgqH/#point-by-point;1
https://www.flashscore.com/match/z38I2GK1/#point-by-point;1
https://www.flashscore.com/match/dYl7cnoT/#point-by-point;1
https://www.flashscore.com/match/OfkunpVj/#point-by-point;1
https://www.flashscore.com/match/tnvUSDmp/#point-by-point;1
https://www.flashscore.com/match/Y7kQbDdL/#point-by-point;1
https://www.flashscore.com/match/QN94kinB/#point-by-point;1
https://www.flashscore.com/match/8MZtaeDt/#point-by-point;1
https://www.flashscore.com/match/xAahEvgs/#point-by-point;1
https://www.flashscore.com/match/0bmcRyf0/#point-by-point;1
https://www.flashscore.com/match/YFRXcIg4/#point-by-point;1
https://www.flashscore.com/match/jgDaePbh/#point-by-point;1
https://www.flashscore.com/match/zcRYVcrJ/#point-by-point;1
https://www.flashscore.com/match/0f3mVk99/#point-by-point;1
https://www.flashscore.com/match/CtJkxsCf/#point-by-point;1
https://www.flashscore.com/match/r1DIQMyG/#point-by-point;1
https://www.flashscore.com/match/jcoPI2Jh/#point-by-point;1
https://www.flashscore.com/match/04Ml379j/#point-by-point;1
https://www.flashscore.com/match/l2l2KhqE/#point-by-point;1
https://www.flashscore.com/match/r7KvlMsT/#point-by-point;1
https://www.flashscore.com/match/ARD4qVwp/#point-by-point;1
https://www.flashscore.com/match/6cF0LqpU/#point-by-point;1
https://www.flashscore.com/match/trYqDWEh/#point-by-point;1
https://www.flashscore.com/match/6ki9Adh6/#point-by-point;1
https://www.flashscore.com/match/OSj0zmli/#point-by-point;1
https://www.flashscore.com/match/UkNrosxm/#point-by-point;1
https://www.flashscore.com/match/l8NNFPP1/#point-by-point;1
https://www.flashscore.com/match/IDfDGmW2/#point-by-point;1
https://www.flashscore.com/match/Yqy4URSP/#point-by-point;1
https://www.flashscore.com/match/OQHXz2mg/#point-by-point;1
https://www.flashscore.com/match/xzgYUwq8/#point-by-point;1
https://www.flashscore.com/match/nZTBgKFP/#point-by-point;1
https://www.flashscore.com/match/8lnGNHr4/#point-by-point;1
https://www.flashscore.com/match/6cyL9fhj/#point-by-point;1
https://www.flashscore.com/match/xAsnG1V1/#point-by-point;1
https://www.flashscore.com/match/MgqCVjfj/#point-by-point;1
https://www.flashscore.com/match/rccuM3Kg/#point-by-point;1
https://www.flashscore.com/match/pImM94VB/#point-by-point;1
https://www.flashscore.com/match/SxydLXvC/#point-by-point;1
https://www.flashscore.com/match/MHDUIkPD/#point-by-point;1
https://www.flashscore.com/match/CWPvGVE8/#point-by-point;1
https://www.flashscore.com/match/v9MfSQr3/#point-by-point;1
https://www.flashscore.com/match/fyaxJPlN/#point-by-point;1
https://www.flashscore.com/match/lONnuKNc/#point-by-point;1
https://www.flashscore.com/match/2qZpbFSn/#point-by-point;1
https://www.flashscore.com/match/fV7Obkfj/#point-by-point;1
https://www.flashscore.com/match/6H7JXby8/#point-by-point;1
https://www.flashscore.com/match/SAfHH9V3/#point-by-point;1
https://www.flashscore.com/match/0Oj3ctwh/#point-by-point;1
https://www.flashscore.com/match/fTf9C6og/#point-by-point;1
https://www.flashscore.com/match/YHQCuCi6/#point-by-point;1
https://www.flashscore.com/match/Kn6Ga7Ga/#point-by-point;1
https://www.flashscore.com/match/vTnehE13/#point-by-point;1
https://www.flashscore.com/match/QktFHahC/#point-by-point;1
https://www.flashscore.com/match/YuuRkx2j/#point-by-point;1
https://www.flashscore.com/match/IgWw4gFe/#point-by-point;1
https://www.flashscore.com/match/KdDq6IWt/#point-by-point;1
https://www.flashscore.com/match/tOcNvSfQ/#point-by-point;1
https://www.flashscore.com/match/tEbYI7mm/#point-by-point;1
https://www.flashscore.com/match/d0N8faTL/#point-by-point;1
https://www.flashscore.com/match/pIu063jU/#point-by-point;1
https://www.flashscore.com/match/lKF1i2CS/#point-by-point;1
https://www.flashscore.com/match/QwJwsyOg/#point-by-point;1
https://www.flashscore.com/match/t6CaYA3t/#point-by-point;1
https://www.flashscore.com/match/IZqAxKis/#point-by-point;1
https://www.flashscore.com/match/MFxCdtcO/#point-by-point;1
